CustID|CustName|Address1|Address2|Address3|City|Province|PostalCode|Country|Phone1|Phone2|Fax1|Fax2|TaxID|SalesType|CustomerClass|Symbol|Terms|CreditLimit|CreditHold|Remark|InvoiceComment|GroupCode|BranchID|TerritoryID|TerritoryDesc|SalesRepCode|SalesRepName|Active
1031|บริษัท โรงแรมราชดำริ จำกัด (มหาชน)|155 ถนนราชดำริ||แขวงลุมพินี|เขตปทุมวัน|กรุงเทพมหานคร|10330|Thailand||02-250-0759, 251-6127|02-253-9195||0107537002028||HOTEL|_|030|220000|FALSE||||00000|114-3|กทม. HoReCa 3|100010|รินทร์ณฐา วรหิรัณยพงษ์|TRUE
1521|วิทยาลัยดุสิตธานี|1 ซอยแก่นทอง ถนนศรีนครินทร์||แขวงหนองบอน|เขตประเวศ|กรุงเทพมหานคร|10250|Thailand|02-3617811-13 # 204||||0994000174900|HORECA|HOTEL||030|25000|FALSE||||00000|114-3|กทม. HoReCa 3|100010|รินทร์ณฐา วรหิรัณยพงษ์|TRUE
1522|วิทยาลัยดุสิตธานี|382/2 หมู่ 6 ถนนสุขุมวิท||ตำบลนาเกลือ|อำเภอบางละมุง|จังหวัดชลบุรี|20150|Thailand|038-488463-7||||0994000174900|HORECA|GOVERNMENT||030|25000|FALSE||||00001|114-3|กทม. HoReCa 3|100010|รินทร์ณฐา วรหิรัณยพงษ์|TRUE
1535|บริษัท ไอส์แลนด์ รีสอร์ท โฮเต็ล จำกัด|1129 ถนนไกรสรสิทธิ์||ตำบลเวียง|อำเภอเมืองเชียงราย|จังหวัดเชียงราย|57000|Thailand|(053) 715777||(053) 715801||0205498000012||HOTEL||030|96000|TRUE||||00001|114-3|กทม. HoReCa 3|100010|รินทร์ณฐา วรหิรัณยพงษ์|TRUE
1536|บริษัท ดุสิตแมนเนจเม้นท์ จำกัด|390 หมู่1 ถนนศรีสุนทร||ตำบลเชิงทะเล|อำเภอถลาง|จังหวัดภูเก็ต|83110|Thailand|(076) 362999||(076) 362900||0105553152720||HOTEL||030|61000|FALSE||||00001|114-3|กทม. HoReCa 3|100010|รินทร์ณฐา วรหิรัณยพงษ์|TRUE
1537|โรงแรม ดุสิตดีทู|100 ถนนช้างคลาน||ตำบลช้างคลาน|อำเภอเมืองเชียงใหม่|จังหวัดเชียงใหม่|50100|Thailand|(053) 999999||(053)999900||0105553152720||HOTEL||030|37000|FALSE||||00003|114-3|กทม. HoReCa 3|100010|รินทร์ณฐา วรหิรัณยพงษ์|TRUE
1538|โรงแรมทินิดี ระนอง|41/144 ถนนท่าเมือง||ตำบลเขานิเวศน์|อำเภอเมืองระนอง|จังหวัดระนอง|85000|Thailand|077-835240-4||077-835238-9||0855534000085|เครดิตต่างจังหวัด / กทม|HOTEL||030|46000|FALSE|เคยเช็คคืน|||00001|114-3|กทม. HoReCa 3|100010|รินทร์ณฐา วรหิรัณยพงษ์|TRUE
1540|โรงแรมดุสิตธานี|946 ถนนพระราม 4||แขวงสีลม|เขตบางรัก|กรุงเทพมหานคร|10500|Thailand|2380032-9||||0107536000617||HOTEL||030|230000|FALSE|เคยเช็คคืน|||00002|114-3|กทม. HoReCa 3|100010|รินทร์ณฐา วรหิรัณยพงษ์|TRUE
1541|โรงแรมดุสิตปริ๊นเซส|112 ถนนช้างคลาน||ตำบลช้างคลาน|อำเภอเมืองเชียงใหม่|จังหวัดเชียงใหม่|50100|Thailand|053-253-900||053-281-044||0107552000065||HOTEL||030|31000|FALSE||||00002|114-3|กทม. HoReCa 3|100010|รินทร์ณฐา วรหิรัณยพงษ์|TRUE
1542|โรงแรม ดุสิตปริ๊นเซส|53 ถนนศรีนครินทร์||แขวงหนองบอน|เขตประเวศ|กรุงเทพมหานคร|10250|Thailand|(02) 721-8400||||0107552000065|HORECA|HOTEL||030|150000|FALSE||||00003|114-3|กทม. HoReCa 3|100010|รินทร์ณฐา วรหิรัณยพงษ์|TRUE
1583|บริษัท คาบุกิ (ประเทศไทย)จำกัด|39 ชั้น 1 ห้องจี 01 อาคาร 39 บูเลอวาร์ด|ถ.สุขุมวิทซอย 39(ซ.พร้อมมิตร)|แขวงคลองตันเหนือ|เขตวัฒนา|กรุงเทพมหานคร|10110|Thailand|02-1294423||||0105549050331|HORECA|HOTEL||030|41000|FALSE||||00000|114-3|กทม. HoReCa 3|100010|รินทร์ณฐา วรหิรัณยพงษ์|TRUE
1610|บริษัท โรงแรมเซ็นทรัลพลาซา จำกัด (มหาชน)|1695 ถนนพหลโยธิน||แขวงจตุจักร|เขตจตุจักร|กรุงเทพมหานคร|10900|Thailand|02-541-1234||02-541-1085||0107536001389||HOTEL||030|50000|FALSE||||00000|114-3|กทม. HoReCa 3|100010|รินทร์ณฐา วรหิรัณยพงษ์|TRUE
3790|บริษัท นาโนฮานา จำกัด|323/1 ชั้น2ห้องบี1-บี3|ถนนสุขุมวิท55(ทองหล่อซ.15)|แขวงคลองตันเหนือ|เขตวัฒนา|กรุงเทพมหานคร|10110|Thailand||02-712-9462-3,Fax7129464|||0105541055686|HORECA|HOTEL||030|20000|FALSE|||161|00000|114-3|กทม. HoReCa 3|100010|รินทร์ณฐา วรหิรัณยพงษ์|TRUE
3791|บริษัท นาโนฮานา จำกัด|952 ชั้น 22 อาคารรามาแลนด์|ถนนพระรามสี่|แขวงสุริยวงศ์|เขตบางรัก|กรุงเทพมหานคร|10500|Thailand|083-7771059||||0105541055686|HORECA|HOTEL||030|19000|FALSE|||161|00002|114-3|กทม. HoReCa 3|100010|รินทร์ณฐา วรหิรัณยพงษ์|TRUE
3817|บริษัท ต้นเครื่อง (1991) จำกัด|211/3 ซอยสุขุมวิท 49 (กลาง) ถนนสุขุมวิท||แขวงคลองตันเหนือ|เขตวัฒนา|กรุงเทพมหานคร|10110|Thailand|02-1852340||||0105534124228|HORECA|HOTEL||030|150000|FALSE|เคยเช็คคืน #|||00001|114-3|กทม. HoReCa 3|100010|รินทร์ณฐา วรหิรัณยพงษ์|TRUE
3884|บริษัท มณียา เรียลตี้ จำกัด|518/8 อาคารรอยัลมณียาทาวเวอร์ ถนนเพลินจิต||แขวงลุมพินี|เขตปทุมวัน|กรุงเทพมหานคร|10330|Thailand|02-1255000||02-1255001||0105527006266|HORECA|HOTEL||030|185000|FALSE||||00002|114-3|กทม. HoReCa 3|100010|รินทร์ณฐา วรหิรัณยพงษ์|TRUE
3967|บริษัท นาราไทย คูซีน จำกัด|518/5 ชั้น 9 อาคารมณียาเซ็นเตอร์|ถนนเพลินจิต|แขวงลุมพินี|เขตปทุมวัน|กรุงเทพมหานคร|10330|Thailand||02-6520816,6711645(ยุ้ย)|02-6520815||0105547129223|HORECA|HOTEL||030|154000|FALSE|||210|00000|114-3|กทม. HoReCa 3|100010|รินทร์ณฐา วรหิรัณยพงษ์|TRUE
4095|โรงแรมดุสิตปริ๊นเซส|1137 ถนนสุรนารายณ์||ตำบลในเมือง|อำเภอเมืองนครราชสีมา|จังหวัดนครราชสีมา|30000|Thailand|044-256629-35||044-256601||0107552000065||HOTEL||030|50000|FALSE||||00004|114-3|กทม. HoReCa 3|100010|รินทร์ณฐา วรหิรัณยพงษ์|TRUE
4174|บริษัท โรงแรมเซ็นทรัลเวิลด์ จำกัด|999/99 ถนนพระราม 1||แขวงปทุมวัน|เขตปทุมวัน|กรุงเทพมหานคร|10330|Thailand|02-1001234||02-1006250||0105547030227||HOTEL||030|64000|FALSE||||00000|114-3|กทม. HoReCa 3|100010|รินทร์ณฐา วรหิรัณยพงษ์|TRUE
4178|บริษัท บางกอกคลับ จำกัด|175 อาคารสาธรซิตี้ทาวเวอร์ ชั้น 27/1|และชั้น 28/1 ถนนสาทรใต้|แขวงทุ่งมหาเมฆ|เขตสาทร|กรุงเทพมหานคร|10120|Thailand||02-6795550 ,02-6649999|02-2851998 (Fax.)||0105533012914|HORECA|HOTEL||030|30000|FALSE||||00000|114-3|กทม. HoReCa 3|100010|รินทร์ณฐา วรหิรัณยพงษ์|TRUE
4641|บริษัท ฮะกะคุเระ จำกัด|8/1 ซอยพาสนา 3||แขวงพระโขนงเหนือ|เขตวัฒนา|กรุงเทพมหานคร|10260|Thailand|||||0105555133200|HORECA|HOTEL||000|0|FALSE|ขายสด|||00000|114-3|กทม. HoReCa 3|100010|รินทร์ณฐา วรหิรัณยพงษ์|TRUE
4689|โรงแรมดุสิตธานี|1349 ถนนเพชรเกษม||ตำบลชะอำ|อำเภอชะอำ|จังหวัดเพชรบุรี|76120|Thailand|032-442101-9||032-520296||0105553152720||HOTEL||030|80000|FALSE||||00002|114-3|กทม. HoReCa 3|100010|รินทร์ณฐา วรหิรัณยพงษ์|TRUE
4804|บริษัท แอล ฟู้ดโซลูชันส์ จำกัด|102 ถนน ณ ระนอง||แขวงคลองเตย|เขตคลองเตย|กรุงเทพมหานคร|10110|Thailand|02-3488824||||0105555067819||HOTEL|_|030|72000|FALSE||||00000|114-3|กทม. HoReCa 3|100010|รินทร์ณฐา วรหิรัณยพงษ์|TRUE
4805|บริษัท คาเซะ ทองหล่อ จำกัด|318 ถนนสุขุมวิท 55||แขวงคลองตันเหนือ|เขตวัฒนา|กรุงเทพมหานคร|10110|Thailand|087-7547966||||0105556181496|HORECA|HOTEL||030|12000|FALSE||||00000|114-3|กทม. HoReCa 3|100010|รินทร์ณฐา วรหิรัณยพงษ์|TRUE
4938|บริษัท แองเจิ้ล ซิตี้ ไดเนอร์ จำกัด|29/1 ซอยสุขุมวิท 11(ไชยยศ)||แขวงคลองเตยเหนือ|เขตวัฒนา|กรุงเทพมหานคร|10110|Thailand|02-651-3313||02-651-3315||0105554040534||HOTEL|_|030|20000|FALSE||||00000|114-3|กทม. HoReCa 3|100010|รินทร์ณฐา วรหิรัณยพงษ์|TRUE
4949|บริษัท ดิ ออสเตรเลี่ยน ผับ จำกัด|37 ซอยสุขุมวิท 11(ซอยไชยยศ) ถนนสุขุมวิท||แขวงคลองเตยเหนือ|เขตวัฒนา|กรุงเทพมหานคร|10110|Thailand|02-651-0800||||0105550077239||HOTEL|_|030|20000|FALSE||||00000|114-3|กทม. HoReCa 3|100010|รินทร์ณฐา วรหิรัณยพงษ์|TRUE
4952|บริษัท แชมเปี้ยนส์ เรสเทอรองท์ แอนด์ สปอร์ต บาร์ จ|18 ชั้น G ซอยสุขุมวิท 11 ถนนสุขุมวิท||แขวงคลองเตยเหนือ|เขตวัฒนา|กรุงเทพมหานคร||Thailand|02-651-2933||||0105555090390||HOTEL|_|030|30000|FALSE||||00001|114-3|กทม. HoReCa 3|100010|รินทร์ณฐา วรหิรัณยพงษ์|TRUE
4953|บริษัท โกลด์ดี้ล็อค จำกัด|4,4/1-4/2,4/4 อาคารศูนย์การค้าเซ็นทรัลเวิลด์|ห้องเลขที่ จี108 ชั้นที่ 1 ถนนราชดำริห์|แขวงปทุมวัน|เขตปทุมวัน|กรุงเทพมหานคร|10330|Thailand|02-652-2566||02-652-0840||0105557140629||HOTEL|_|030|17000|TRUE|เคยเช็คคืน #|||00000|114-3|กทม. HoReCa 3|100010|รินทร์ณฐา วรหิรัณยพงษ์|TRUE
4956|บริษัท เดอะ รัตน์ แพ็ค จำกัด|19 ซอยสุขุมวิท 11(ไชยยศ)||แขวงคลองเตยเหนือ|เขตวัฒนา|กรุงเทพมหานคร|10110|Thailand|02-651-0214||02-651-0215||0205554022799||HOTEL|_|030|20000|FALSE||||00001|114-3|กทม. HoReCa 3|100010|รินทร์ณฐา วรหิรัณยพงษ์|TRUE
4961|บริษัท นำเกียรติ จำกัด(รอแยลเบญจาโฮเต็ล)|39 ซอยสุขุมวิท 5(เลิศสิน1) ถนนสุขุมวิท||แขวงคลองเตยเหนือ|เขตคลองเตย|กรุงเทพมหานคร|10110|Thailand|02-655-2920||02-655-2959||0105508002323||HOTEL|_|030|84000|FALSE||||00001|114-3|กทม. HoReCa 3|100010|รินทร์ณฐา วรหิรัณยพงษ์|TRUE
4963|นายโอภาส เลียวกายะสุวรรณ|70/7 ถนนสตรีวิทยา 2 ซอย 6||แขวงลาดพร้าว|เขตลาดพร้าว|กรุงเทพมหานคร|10230|Thailand|086-107-5945||||3100602099475||HOTEL|_|007|10000|TRUE|ขายสด 7 วัน|||00000|114-3|กทม. HoReCa 3|100010|รินทร์ณฐา วรหิรัณยพงษ์|TRUE
4965|บริษัท วิวัณณ์แคปปิตอล จำกัด|458/6-9 ล็อก 28 สยามสแควร์ ซอย8 ถนนพระราม1||แขวงปทุมวัน|เขตปทุมวัน|กรุงเทพมหานคร|10330|Thailand|||||0105521017908||HOTEL|_|015|30000|FALSE|ขาย 15 วัน|||00000|114-3|กทม. HoReCa 3|100010|รินทร์ณฐา วรหิรัณยพงษ์|TRUE
4966|บริษัท อิตัลไทย ฮอลพิทาลิตี้ จำกัด (Central Kitche|110 ถนนวิทยุ||แขวงลุมพินี|เขตปทุมวัน|กรุงเทพมหานคร|10330|Thailand|02-319-1031#1101||02-252-5536||0105543097050||HOTEL|_|030|20000|FALSE||||00003|114-3|กทม. HoReCa 3|100010|รินทร์ณฐา วรหิรัณยพงษ์|TRUE
4967|บริษัท เดลมอน สยาม จำกัด|189 ถนนสุขุมวิท||แขวงคลองเตยเหนือ|เขตวัฒนา|กรุงเทพมหานคร|10110|Thailand|02-126-9999||02-126-9998||0105549137886||HOTEL|_|030|74000|FALSE||||00000|114-3|กทม. HoReCa 3|100010|รินทร์ณฐา วรหิรัณยพงษ์|TRUE
4969|บริษัท หรรษา โฮเต็ล จำกัด|3/250 ซอยมหาดเล็กหลวง 2 ถนนราชดำริ||แขวงลุมพินี|เขตปทุมวัน|กรุงเทพมหานคร|10330|Thailand|02-209-1249||||0105552061461||HOTEL|_|030|20000|FALSE||||00000|114-3|กทม. HoReCa 3|100010|รินทร์ณฐา วรหิรัณยพงษ์|TRUE
4974|บริษัท เจ้าพระยาสยาม (1975) จำกัด|219 ซอยจรัญสนิทวงศ์ 66/1 ถ.จรัญสนิทวงศ์||แขวงบางพลัด|เขตบางพลัด|กรุงเทพมหานคร|10700|Thailand|02-422-9222||02-433-5880||0105518003985||HOTEL|_|030|30000|FALSE||||00000|114-3|กทม. HoReCa 3|100010|รินทร์ณฐา วรหิรัณยพงษ์|TRUE
4976|บริษัท บางกอก รอยัล ไทย คูซีน จำกัด|99 อาคารรอยัลเรสซิเดนส์พาร์ค ถนนวิทยุ||แขวงลุมพินี|เขตปทุมวัน|กรุงเทพมหานคร|10330|Thailand|02-256-6555||02-684-5969||0105556189691||RETAIL|_|030|35000|FALSE||||00001|114-3|กทม. HoReCa 3|100010|รินทร์ณฐา วรหิรัณยพงษ์|TRUE
4978|บริษัท ดิ เอราวัณ กรุ๊ป จำกัด(มหาชน)|927 อาคารโรงแรมเมอร์เคียว ไอบิส กรุงเทพ สยาม|ถนนพระราม 1|แขวงวังใหม่|เขตปทุมวัน|กรุงเทพมหานคร|10330|Thailand|02-874-7222||02-874-7229||0107537001943||HOTEL|_|030|50000|TRUE|||186|00012|114-3|กทม. HoReCa 3|100010|รินทร์ณฐา วรหิรัณยพงษ์|TRUE
4979|บริษัท สุภัทรา ริเวอร์ แมนชั่น จำกัด|23 ถนนพระอาทิตย์||แขวงชนะสงคราม|เขตพระนคร|กรุงเทพมหานคร|10200|Thailand|||||0105526019712||HOTEL|_|030|0|FALSE||||00000|114-3|กทม. HoReCa 3|100010|รินทร์ณฐา วรหิรัณยพงษ์|TRUE
4980|บริษัท เดอะ เบคอะวิช จำกัด|24 ซอยสุขสวัสดิ์ 19 ถนนสุขสวัสดิ์||แขวงบางปะกอก|เขตราษฎร์บูรณะ|กรุงเทพมหานคร|10140|Thailand|02-427-3120||02-427-3125||0105558029578||HOTEL|_|030|44000|TRUE||||00000|114-3|กทม. HoReCa 3|100010|รินทร์ณฐา วรหิรัณยพงษ์|TRUE
4982|บริษัท  เพลนตี้ มัช มอร์ จำกัด|546/4  ถนนเพลินจิต||แขวงลุมพินี|เขตปทุมวัน|กรุงเทพมหานคร|10330|Thailand|02-251-2187||02-251-7767||0105558183283|HORECA|HOTEL|_|030|20000|FALSE||||00000|114-3|กทม. HoReCa 3|100010|รินทร์ณฐา วรหิรัณยพงษ์|TRUE
4983|บริษัท มอร์ แอนด์ มัช จำกัด|31 อาคารเดอะ ปอร์ติโก|ห้องเลขที่ 106-108 ซอยหลังสวน|แขวงลุมพินี|เขตปทุมวัน|กรุงเทพมหานคร|10330|Thailand|02-251-7767||||0105554104338||HOTEL|_|030|20000|FALSE||||00000|114-3|กทม. HoReCa 3|100010|รินทร์ณฐา วรหิรัณยพงษ์|TRUE
4998|บริษัท ซูซิ โอตารุ จำกัด|139 ซอยสุขุมวิท 63(เอกมัย)||แขวงคลองตันเหนือ|เขตวัฒนา|กรุงเทพมหานคร|10110|Thailand|02-392-7737||||0105557117597||HOTEL|_|030|140000|FALSE||||00000|114-3|กทม. HoReCa 3|100010|รินทร์ณฐา วรหิรัณยพงษ์|TRUE
4999|บริษัท ไคเซ็น ซูซิ แกรนด์ จำกัด|131/1 อาคารเบ็ลคอนโดมิเนียม ซอยทวีมิตร ถนนพระราม 9||แขวงห้วยขวาง|เขตห้วยขวาง|กรุงเทพมหานคร|10310|Thailand|02-168-1141||||0105557023975||HOTEL|_|030|20000|FALSE|||185|00000|114-3|กทม. HoReCa 3|100010|รินทร์ณฐา วรหิรัณยพงษ์|TRUE
5000|บริษัท มาย-ยู (ประเทศไทย) จำกัด|33 ซอยพหลโยธิน 5 ถนนพหลโยธิน||แขวงสามเสนใน|เขตพญาไท|กรุงเทพมหานคร|10400|Thailand|02-619-8664||||0105553008963||HOTEL|_|030|17000|FALSE||||00000|114-3|กทม. HoReCa 3|100010|รินทร์ณฐา วรหิรัณยพงษ์|TRUE
5001|บริษัท เดอะ โมสต์ (แบงค็อก) จำกัด|51/3 ซอยร่วมมิตร ถนนดินแดง||แขวงสามเสนใน|เขตพญาไท|กรุงเทพมหานคร||Thailand||096-615-5241, 096-332-5559|||0105555149092||HOTEL|_|000|100|FALSE|ขายสด 7 วัน|||00000|114-3|กทม. HoReCa 3|100010|รินทร์ณฐา วรหิรัณยพงษ์|TRUE
5003|บริษัท บางกอกคลับ จำกัด|175 อาคารสาธรซิตี้ทาวเวอร์|ชั้น 27/1 และชั้น 28/1 ถนนสาทรใต้|แขวงทุ่งมหาเมฆ|เขตสาทร|กรุงเทพมหานคร|10120|Thailand|02-679-5550||||0105533012914||HOTEL|_|030|20000|FALSE||||00000|114-3|กทม. HoReCa 3|100010|รินทร์ณฐา วรหิรัณยพงษ์|TRUE
5008|บริษัท ไคเซ็นซูซิบาร์ จำกัด|8/3 โนเบิล รีฟอร์ม ซอยพหลโยธิน 7 ถนนพหลโยธิน||แขวงสามเสนใน|เขตพญาไท|กรุงเทพมหานคร|10400|Thailand|||||0105556084024||RETAIL|_|030|20000|FALSE|||185|00000|114-3|กทม. HoReCa 3|100010|รินทร์ณฐา วรหิรัณยพงษ์|TRUE
5009|บริษัท เคอาร์ซี เอ็นเตอร์ไพรส์ จำกัด|88/1 อาคารเอท ทองหล่อ ห้องเอล206 เอ|ซอยสุขุมวิท55(ทองหล่อ) ถนนสุขุมวิท|แขวงคลองตันเหนือ|เขตวัฒนา|กรุงเทพมหานคร|10110|Thailand|||||0105554141462||HOTEL|_|030|20000|FALSE||||00000|114-3|กทม. HoReCa 3|100010|รินทร์ณฐา วรหิรัณยพงษ์|TRUE
5010|นายกฤษณ์ สินเพิ่มสุขสกุล|102 อาคารล็อกซเล่ย์ ถนน ณ ระนอง||แขวงคลองเตย|เขตคลองเตย|กรุงเทพมหานคร|10110|Thailand|02-348-8000||||1100400281641||OTHER|_|000|100|FALSE|ขายสด|||00000|114-3|กทม. HoReCa 3|100010|รินทร์ณฐา วรหิรัณยพงษ์|TRUE
5011|บริษัท ทรัพย์ภูผา จำกัด|63/161 หมู่1||ตำบลหลักหก|อำเภอเมืองปทุมธานี|จังหวัดปทุมธานี|12000|Thailand|||||0115553004721||HOTEL|_|030|20000|FALSE||||00000|114-3|กทม. HoReCa 3|100010|รินทร์ณฐา วรหิรัณยพงษ์|TRUE
5013|นายชาฏิ วิโนทัย|58/99 หมู่ที่ 6||ตำบลบางขุนกอง|อำเภอบางกรวย|จังหวัดนนทบุรี||Thailand|02-279-2461||||3101400696058||HOTEL|_|030|87000|TRUE||||00000|114-3|กทม. HoReCa 3|100010|รินทร์ณฐา วรหิรัณยพงษ์|TRUE
5014|บริษัท วาโคอุ จำกัด|548/7 โครงการแอมบาสซี่ปาร์ค พลาซ่า ถนนเพลินจิต||แขวงปทุมวัน|เขตปทุมวัน|กรุงเทพมหานคร|10330|Thailand|02-252-2002||02-252-2700||0105546126824||HOTEL|_|030|46000|FALSE||||00000|114-3|กทม. HoReCa 3|100010|รินทร์ณฐา วรหิรัณยพงษ์|TRUE
5015|บริษัท จีดีพี ฟูด จำกัด|4, 4/1-4/2,4/4 อาคารศูนย์การค้าเซ็นทรัลเวิลด์|ห้องเลขที่ A 707/1 ชั้นที่ 7 ถนนราชดำริห์|แขวงปทุมวัน|เขตปทุมวัน|กรุงเทพมหานคร|10330|Thailand|02-613-1571||||0105551056430||HOTEL|_|030|30000|FALSE|||187|00001|114-3|กทม. HoReCa 3|100010|รินทร์ณฐา วรหิรัณยพงษ์|TRUE
5016|บริษัท จีดีพี ฟูด จำกัด|7/504 ศูนย์การค้าเซ็นทรัลปิ่นเกล้า ห้อง 520/2|ถนนบรมราชชนนี|แขวงอรุณอมรินทร์|เขตบางกอกน้อย|กรุงเทพมหานคร|10700|Thailand|02-254-8159||||0105551056430||HOTEL|_|030|30000|FALSE|||187|00002|114-3|กทม. HoReCa 3|100010|รินทร์ณฐา วรหิรัณยพงษ์|TRUE
5017|บริษัท จีดีพี ฟูด จำกัด|388 อาคารสยามสแควร์วัน ชั้น 4 เลขที่ห้อง SS 4019|ถนนพระราม 1|แขวงปทุมวัน|เขตปทุมวัน|กรุงเทพมหานคร|10330|Thailand|02-115-1475||||0105551056430||HOTEL|_|030|30000|FALSE|||187|00004|114-3|กทม. HoReCa 3|100010|รินทร์ณฐา วรหิรัณยพงษ์|TRUE
5062|บริษัท ซูซิเด็น จำกัด|1697 ศูนย์การค้าเซ็นทรัลลาดพร้าว|ห้อง121 ชั้น1 ถนนพหลโยธิน|แขวงจตุจักร|เขตจตุจักร|กรุงเทพมหานคร|10900|Thailand|02-103-4011||||0105554093794||HOTEL|_|030|100000|FALSE|||187|00001|114-3|กทม. HoReCa 3|100010|รินทร์ณฐา วรหิรัณยพงษ์|TRUE
5063|บริษัท ซูซิเด็น จำกัด|991 อาคารศูนย์การค้าสยามพารากอน ชั้นที่ 4|ห้องเลขที่ 4-31B,4B-1/1 ถนนพระราม 1|แขวงปทุมวัน|เขตปทุมวัน|กรุงเทพมหานคร|10330|Thailand|02-610-9667||||0105554093794||HOTEL|_|030|100000|FALSE|||187|00003|114-3|กทม. HoReCa 3|100010|รินทร์ณฐา วรหิรัณยพงษ์|TRUE
5064|บริษัท ซูซิเด็น จำกัด|199,199/1,199/2หมู่ 6อาคารเซ็นทรัลพลาซ่าเวสต์เกต|ห้อง397/1ชั้น3|ตำบลเสาธงหิน|อำเภอบางใหญ่|จังหวัดนนทบุรี|11140|Thailand|02-194-2709||||0105554093794||HOTEL|_|030|100000|FALSE|||187|00007|114-3|กทม. HoReCa 3|100010|รินทร์ณฐา วรหิรัณยพงษ์|TRUE
5065|บริษัท ซูซิเด็น จำกัด|191 อาคารสีลมคอมเพล็กซ์ ห้องเลขที่ OP-433-434|ชั้นที่ 4 ถนนสีลม|แขวงสีลม|เขตบางรัก|กรุงเทพมหานคร|10500|Thailand|||||0105554093794||HOTEL|_|030|100000|FALSE|||187|00004|114-3|กทม. HoReCa 3|100010|รินทร์ณฐา วรหิรัณยพงษ์|TRUE
5066|บริษัท ซูซิเด็น จำกัด|2,88 อาคารศูนย์การค้าเทอมินอล 21 ชั้นที่ LG|ซอยสุขุมวิท 19 (วัฒนา) ถนนสุขุมวิท|แขวงคลองเตยเหนือ|เขตวัฒนา|กรุงเทพมหานคร|10110|Thailand|085-112-5667||||0105554093794||HOTEL|_|030|100000|FALSE|||187|00002|114-3|กทม. HoReCa 3|100010|รินทร์ณฐา วรหิรัณยพงษ์|TRUE
5067|บริษัท ซูซิเด็น จำกัด|7/222 อาคารศูนย์การค้าเซ็นทรัลพลาซาปิ่นเกล้า|ห้องเลขที่G09 ชั้น G ถนนบรมราชชนนี|แขวงอรุณอมรินทร์|เขตบางกอกน้อย|กรุงเทพมหานคร|10700|Thailand|02-884-5440||||0105554093794||HOTEL|_|030|100000|FALSE|||187|00008|114-3|กทม. HoReCa 3|100010|รินทร์ณฐา วรหิรัณยพงษ์|TRUE
5070|บริษัท อินเตอร์นู้ดเดิ้ล จำกัด|8/30 ซอยลาดพร้าว 8 ถนนลาดพร้าว||แขวงจอมพล|เขตจตุจักร|กรุงเทพมหานคร|10900|Thailand|||||0105544030790||HOTEL|_|030|18000|FALSE||||00000|114-3|กทม. HoReCa 3|100010|รินทร์ณฐา วรหิรัณยพงษ์|TRUE
5071|บริษัท คนแล่ปลา จำกัด|31 ซอยหลังสวน||แขวงลุมพินี|เขตปทุมวัน|กรุงเทพมหานคร|10330|Thailand|02-652-2607||||0105556127092||HOTEL|_|030|225000|FALSE|เคยเช็คคืน #|||00000|114-3|กทม. HoReCa 3|100010|รินทร์ณฐา วรหิรัณยพงษ์|TRUE
5075|บริษัท เทนยุ แกรนด์ จำกัด|66 ซอยพิพัฒน์ ถนนสาทรเหนือ||แขวงสีลม|เขตบางรัก|กรุงเทพมหานคร|10500|Thailand|02-632-1777||||0105554095398||HOTEL|_|030|570000|FALSE|||190|00000|114-3|กทม. HoReCa 3|100010|รินทร์ณฐา วรหิรัณยพงษ์|TRUE
5084|บริษัท ไคเซ็น ซูซิ จำกัด|308 ถนนพญาไท||แขวงถนนเพชรบุรี|เขตราชเทวี|กรุงเทพมหานคร|10400|Thailand|||||0105555083067||HOTEL|_|030|20000|FALSE||||00000|114-3|กทม. HoReCa 3|100010|รินทร์ณฐา วรหิรัณยพงษ์|TRUE
5085|บริษัท ทาคูมิ จำกัด|130-132 อาคารกลาสเฮ้าส์สินธร|ห้องเลขที่ R4 ถนนวิทยุ|แขวงลุมพินี|เขตปทุมวัน|กรุงเทพมหานคร|10330|Thailand|||||0105557039847||HOTEL|_|030|20000|FALSE||||00000|114-3|กทม. HoReCa 3|100010|รินทร์ณฐา วรหิรัณยพงษ์|TRUE
5091|บริษัท โทโรโร จำกัด|8 อาคารเดอะออไรซอน ชั้น 1|ห้องเลขที่ 8130 ถนนสุขุมวิท63|แขวงพระโขนงเหนือ|เขตวัฒนา|กรุงเทพมหานคร|10110|Thailand|02-714-2228||||0105555003756||HOTEL|_|030|20000|FALSE||||00000|114-3|กทม. HoReCa 3|100010|รินทร์ณฐา วรหิรัณยพงษ์|TRUE
5092|บริษัท เทนยุ เอ็มควอเทียร์ จำกัด|693 อาคารศูนย์การค้าเอ็มควอเทียร์|ชั้น8 ห้อง8A03 ถนนสุขุมวิท|แขวงคลองตันเหนือ|เขตวัฒนา|กรุงเทพมหานคร|10110|Thailand|02-003-6277||||0105557171613||HOTEL|_|030|130000|FALSE|||190|00000|114-3|กทม. HoReCa 3|100010|รินทร์ณฐา วรหิรัณยพงษ์|TRUE
5097|บริษัท มิสเตอร์ ซูซิ จำกัด|28/37-38 หมู่ 6||ตำบลจันทนิมิต|อำเภอเมืองจันทบุรี|จังหวัดจันทบุรี|22000|Thailand|02-748-9842||||0105550074108||HOTEL|_|030|150000|FALSE|เคยคืน # / หยุดขาย||188|00004|114-3|กทม. HoReCa 3|100010|รินทร์ณฐา วรหิรัณยพงษ์|TRUE
5098|บริษัท มิสเตอร์ ซูซิ จำกัด|30/1 ซอยบางนา-ตราด 23||แขวงบางนา|เขตบางนา|กรุงเทพมหานคร|10260|Thailand|02-748-9842||02-399-1290||0105550074108||HOTEL|_|030|150000|FALSE|เคยคืน # / หยุดขาย||188|00011|114-3|กทม. HoReCa 3|100010|รินทร์ณฐา วรหิรัณยพงษ์|TRUE
5099|บริษัท มิสเตอร์ ซูซิ จำกัด|288 ถนนเฉลิมพระเกียรติ ร.9||แขวงหนองบอน|เขตประเวศ|กรุงเทพมหานคร|10250|Thailand|052-748-9842||02-399-1290||0105550074108||HOTEL|_|030|150000|FALSE|เคยคืน # / หยุดขาย||188|00010|114-3|กทม. HoReCa 3|100010|รินทร์ณฐา วรหิรัณยพงษ์|TRUE
5100|บริษัท มิสเตอร์ ซูซิ จำกัด|343 ถนนวัชรพล||แขวงท่าแร้ง|เขตบางเขน|กรุงเทพมหานคร|10220|Thailand|||||0105550074108||HOTEL|_|030|150000|FALSE|เคยคืน # / หยุดขาย||188|00012|114-3|กทม. HoReCa 3|100010|รินทร์ณฐา วรหิรัณยพงษ์|TRUE
5101|บริษัท มิสเตอร์ ซูซิ จำกัด|586 ถนนสุขุมวิท||ตำบลเนินพระ|อำเภอเมืองระยอง|จังหวัดระยอง|21000|Thailand|||||0105550074108||HOTEL|_|030|150000|TRUE|เคยคืน # / หยุดขาย||188|00005|114-3|กทม. HoReCa 3|100010|รินทร์ณฐา วรหิรัณยพงษ์|TRUE
5102|บริษัท มิราเคิล บางนา ฟู้ด จำกัด|21 ซอยประวิทย์และเพื่อน 5 ถนนสุขุมวิท||แขวงบางจาก|เขตพระโขนง|กรุงเทพมหานคร|10260|Thailand|02-748-9842||02-748-8506||0105558031645||HOTEL|_|030|20000|FALSE|หยุดขาย||188|00000|114-3|กทม. HoReCa 3|100010|รินทร์ณฐา วรหิรัณยพงษ์|TRUE
5103|บริษัท แอมเพิล-พาราไดซ์ เอฟ แอนด์ บี จำกัด|59 ซอยหมู่บ้านเสรีวิลล่า แยก 2||แขวงหนองบอน|เขตประเวศ|กรุงเทพมหานคร|10250|Thailand|02-748-9842||02-399-1290||0105558031700||HOTEL|_|030|100000|FALSE|หยุดขาย||188|00000|114-3|กทม. HoReCa 3|100010|รินทร์ณฐา วรหิรัณยพงษ์|TRUE
5105|บริษัท ซอลส์ แอนด์ ชูการ์ จำกัด|152 ซอยสุขุมวิท 53(ไปดี-มาดี)||แขวงคลองตันเหนือ|เขตวัฒนา|กรุงเทพมหานคร|10110|Thailand|02-262-0879||||0105557130313||HOTEL|_|030|20000|FALSE||||00000|114-3|กทม. HoReCa 3|100010|รินทร์ณฐา วรหิรัณยพงษ์|TRUE
5106|บริษัท เอ็ม. และ เจ. จำกัด|19/5-6 ซอยสุขุมวิท 19 (ซอยวัฒนา) ถนนสุขุมวิท||แขวงคลองเตยเหนือ|เขตวัฒนา|กรุงเทพมหานคร|10110|Thailand|02-255-2056-8||02-651-0379||0105532047200||HOTEL|_|030|158000|FALSE||||00000|114-3|กทม. HoReCa 3|100010|รินทร์ณฐา วรหิรัณยพงษ์|TRUE
5110|บริษัท มากุโระ กรุ๊ป จำกัด|983 อาคารชิครีพับบลิค สาขาบางนา|ถนนบางนา-ตราด กิโลเมตร 4|แขวงบางนา|เขตบางนา|กรุงเทพมหานคร|10260|Thailand|062-556-6266||||0105553027526||HOTEL|_|030|750000|FALSE||||00000|114-3|กทม. HoReCa 3|100010|รินทร์ณฐา วรหิรัณยพงษ์|TRUE
5113|นางกฤตพร พิจารณ์|29/1 หมู่ 6||ตำบลลำลูกกา|อำเภอลำลูกกา|จังหวัดปทุมธานี|12150|Thailand|086-974-0623||||3350400270970||HOTEL|_|000|100|FALSE|ขายสด|||00000|114-3|กทม. HoReCa 3|100010|รินทร์ณฐา วรหิรัณยพงษ์|TRUE
5124|บริษัท โนบุซูซิ จำกัด|93 ห้องบี 209 ถนนสุขุมวิท 26||แขวงคลองตัน|เขตคลองเตย|กรุงเทพมหานคร|10110|Thailand|02-661-5011||||0105552124897||HOTEL|_|030|79000|FALSE|||191|00000|114-3|กทม. HoReCa 3|100010|รินทร์ณฐา วรหิรัณยพงษ์|TRUE
5125|บริษัท ข้าวปั้นเอโดะ จำกัด|999/4 อาคารE ห.F02E01000 ช 2|ถนนพระราม 9|แขวงสวนหลวง|เขตสวนหลวง|กรุงเทพมหานคร|10250|Thailand|||||0105557182763||HOTEL|_|030|384000|FALSE|||189|00005|114-3|กทม. HoReCa 3|100010|รินทร์ณฐา วรหิรัณยพงษ์|TRUE
5126|บริษัท ข้าวปั้นเอโดะ จำกัด|2 ซอยลาดพร้าว 19||แขวงจอมพล|เขตจตุจักร|กรุงเทพมหานคร|10900|Thailand|095-691-6586||||0105554131661||HOTEL|_|030|400000|FALSE|เคยเช็คคืน #||189|00000|114-3|กทม. HoReCa 3|100010|รินทร์ณฐา วรหิรัณยพงษ์|TRUE
5128|บริษัท ซัคเซสพลัส-พระราม 3 เอฟ แอนด์ บี จำกัด|662/13 ถนนพระราม 3||แขวงบางโพงพาง|เขตยานนาวา|กรุงเทพมหานคร|10120|Thailand|02-742-6259||||0105558083912||HOTEL|_|030|20000|FALSE|หยุดขาย||188|00000|114-3|กทม. HoReCa 3|100010|รินทร์ณฐา วรหิรัณยพงษ์|TRUE
5129|บริษัท ข้าวปั้น จำกัด|25/2 ซอยศาลาแดง 1||แขวงสีลม|เขตบางรัก|กรุงเทพมหานคร|10500|Thailand|02-636-3342||||0105555103858||HOTEL|_|030|100000|FALSE|||196|00000|114-3|กทม. HoReCa 3|100010|รินทร์ณฐา วรหิรัณยพงษ์|TRUE
5130|บริษัท สยามสมุทร วาริน จำกัด|275/1 ถนนประชาอุทิศ||แขวงทุ่งครุ|เขตทุ่งครุ|กรุงเทพมหานคร|10140|Thailand|||||0745553005373||HOTEL|_|030|1000000|FALSE|||204|00000|114-3|กทม. HoReCa 3|100010|รินทร์ณฐา วรหิรัณยพงษ์|TRUE
5134|บริษัท กินชาริ จำกัด|71/2-3 ซ.พหลโยธิน 7 ถนนพหลโยธิน||แขวงสามเสนใน|เขตพญาไท|กรุงเทพมหานคร|10400|Thailand||02-619-7271, 081-665-5131|||0105557073875||HOTEL|_|030|23000|FALSE||||00001|114-3|กทม. HoReCa 3|100010|รินทร์ณฐา วรหิรัณยพงษ์|TRUE
5140|บริษัท ที.เค.เอ็นจิเนียริ่ง แพลน จำกัด|200/173 ซอยแจ้งวัฒนะ10 แยก1-1-4||แขวงทุ่งสองห้อง|เขตหลักสี่|กรุงเทพมหานคร|10210|Thailand|||||0105545103855||HOTEL|_|030|39000|FALSE||||00000|114-3|กทม. HoReCa 3|100010|รินทร์ณฐา วรหิรัณยพงษ์|TRUE
5145|บริษัท ซานนินบาร์ แอนด์ เรสเตอรองท์ จำกัด|98 อาคารสาทรสแควร์ออฟฟิตทาวเวอร์|ห้องM-01ชั้น1M ถนนสาทรเหนือ|แขวงสีลม|เขตบางรัก|กรุงเทพมหานคร|10500|Thailand|092-424-4040||||0105558054769||HOTEL|_|030|96000|FALSE|ขาดทะเบียนบ้้าน|||00000|114-3|กทม. HoReCa 3|100010|รินทร์ณฐา วรหิรัณยพงษ์|TRUE
5147|บริษัท ซากานายะ จำกัด|1420/1 อาคารอี ชั้น 1 ห้องเลขที่ 102,102/1|ซอยลาดพร้าว 87 (จันทราสุข)|แขวงคลองจั่น|เขตบางกะปิ|กรุงเทพมหานคร|10240|Thailand|081-651-1559||||0105558084714||HOTEL|_|030|80000|FALSE|ขาดทะเบียนบ้้าน|||00001|114-3|กทม. HoReCa 3|100010|รินทร์ณฐา วรหิรัณยพงษ์|TRUE
5150|บริษัท ซิมิรัน ฟู้ด โปรดักส์ จำกัด|21/33 ซอยวิภาวดีรังสิต 33 แยก 5| ถนนวิภาวดีรังสิต|แขวงสนามบิน|เขตดอนเมือง|กรุงเทพมหานคร|10210|Thailand|02-536-2996-7||||0135543001494||HOTEL|_|030|100000|TRUE||||00000|114-3|กทม. HoReCa 3|100010|รินทร์ณฐา วรหิรัณยพงษ์|TRUE
5153|บริษัท โจชิซึ ซูซิ จำกัด|20/2 ซอยพาสนา 1 ถนนเอกมัย||แขวงพระโขนงเหนือ|เขตวัฒนา|กรุงเทพมหานคร|10260|Thailand|02-714-3984||02-714-1551||0105554021254||HOTEL|_|030|46000|FALSE||||00000|114-3|กทม. HoReCa 3|100010|รินทร์ณฐา วรหิรัณยพงษ์|TRUE
5154|บริษัท โนบุเจแปนนิสเรสเตอรองส์ จำกัด|414 ซอยสุขุมวิท 55 ถนนสุขุมวิท||แขวงคลองตันเหนือ|เขตวัฒนา|กรุงเทพมหานคร|10110|Thailand|02-392-5297||||0105551015695||HOTEL|_|030|178000|FALSE|||191|00000|114-3|กทม. HoReCa 3|100010|รินทร์ณฐา วรหิรัณยพงษ์|TRUE
5157|บริษัท โทคูโจ ฟู้ด จำกัด|1050/2-3 ซอยเจริญสุข||แขวงคลองเตย|เขตคลองเตย|กรุงเทพมหานคร|10110|Thailand||02-260-4420, 02-258-8945|||0105556045169||HOTEL|_|030|361000|FALSE||||00000|114-3|กทม. HoReCa 3|100010|รินทร์ณฐา วรหิรัณยพงษ์|TRUE
5158|บริษัท โมริทากะ ฟู้ดส์ จำกัด|225/11 ซอยสุขุมวิท 63 (เอกมัย)||แขวงคลองตันเหนือ|เขตวัฒนา|กรุงเทพมหานคร|10110|Thailand||091-772-4651, 02-661-2282|||0105547142971||HOTEL|_|030|57000|FALSE||||00000|114-3|กทม. HoReCa 3|100010|รินทร์ณฐา วรหิรัณยพงษ์|TRUE
5163|บริษัท เสวยทิพย์ จำกัด|85 ชั้น 2 ห้อง R205|โครงการนิฮอนมูระมอลล์ ซอยอรรคพัฒน์|แขวงคลองตันเหนือ|เขตวัฒนา|กรุงเทพมหานคร|10110|Thailand|091-021-8985||||0105557090346||HOTEL|_|030|29000|FALSE||||00000|114-3|กทม. HoReCa 3|100010|รินทร์ณฐา วรหิรัณยพงษ์|TRUE
5168|บริษัท แมคเคนนาแลนด์ จำกัด|117/39-40 ถนนพญาไท||แขวงถนนเพชรบุรี|เขตราชเทวี|กรุงเทพมหานคร|10400|Thailand|02-309-3839||02-309-3838||0105546135831||HOTEL|_|030|100000|FALSE||||00000|114-3|กทม. HoReCa 3|100010|รินทร์ณฐา วรหิรัณยพงษ์|TRUE
5170|บริษัท ก.เกมส์ตกกุ้ง จำกัด|1669/9 ถนนเพชรบุรีตัดใหม่||แขวงบางกะปิ|เขตห้วยขวาง|กรุงเทพมหานคร|10310|Thailand||02-652-9898, 085-405-5552|||0105543113144||HOTEL|_|030|22000|FALSE|||2|00000|114-3|กทม. HoReCa 3|100010|รินทร์ณฐา วรหิรัณยพงษ์|TRUE
5173|บริษัท ยามาโกย่า (ไทยแลนด์) จำกัด|98-102 อาคารปานะวงศ์ ชั้น 1 ถนนสุรวงศ์||แขวงสี่พระยา|เขตบางรัก|กรุงเทพมหานคร|10500|Thailand|02-637-0593-4||||0105549062312||HOTEL|_|030|150000|TRUE||||00000|114-3|กทม. HoReCa 3|100010|รินทร์ณฐา วรหิรัณยพงษ์|TRUE
5174|บริษัท มิทาโนะ ครีเอท (ประเทศไทย) จำกัด|เลขที่115 โรงแรมซัมเมอร์เซ็ท สุขุมวิท ทองหล่อ|ซอยสุขุมวิท 55(ทองหล่อ) ถนนสุขุมวิท|แขวงคลองตันเหนือ|เขตวัฒนา|กรุงเทพมหานคร|10110|Thailand|02-712-5884||||0105556104866||HOTEL|_|030|33000|FALSE|||3|00001|114-3|กทม. HoReCa 3|100010|รินทร์ณฐา วรหิรัณยพงษ์|TRUE
5176|บริษัท คอนนิจิวะ เอ็ม จำกัด|929 ถนนสุขุมวิท||แขวงคลองตันเหนือ|เขตวัฒนา|กรุงเทพมหานคร||Thailand|02-662-4311||||0105558130244||HOTEL|_|030|60000|FALSE||||00000|114-3|กทม. HoReCa 3|100010|รินทร์ณฐา วรหิรัณยพงษ์|TRUE
5179|บริษัท มันช์มาสต้า จำกัด|35/7 ซอยยมราช ถนนศาลาแดง||แขวงสีลม|เขตบางรัก|กรุงเทพมหานคร|10500|Thailand|090-565-6526||||0105557136257||HOTEL||030|14000|FALSE||||00000|114-3|กทม. HoReCa 3|100010|รินทร์ณฐา วรหิรัณยพงษ์|TRUE
5180|บริษัท ชินโซโคะ ซูซิ จำกัด|12/70-72 ซอยอรรถกะวี 1|ถนนสุขุมวิท 26|แขวงคลองตัน|เขตคลองเตย|กรุงเทพมหานคร|10110|Thailand|02-074-4419|097-078-5257|||0105556068037||HOTEL|_|030|45000|FALSE||||00000|114-3|กทม. HoReCa 3|100010|รินทร์ณฐา วรหิรัณยพงษ์|TRUE
5182|นาย วัชระ โชติชุติมา|630 ถนนสุทธิสาร||แขวงดินแดง|เขตดินแดง|กรุงเทพมหานคร||Thailand|088-959-6910||||3350100138847||RETAIL|_|007|100|FALSE|ขายสด 7 วัน|||00000|114-3|กทม. HoReCa 3|100010|รินทร์ณฐา วรหิรัณยพงษ์|TRUE
5187|บริษัท ข้าวปั้น 2558 จำกัด|98/456 อ.ดิแอดเดรส สาทร ชั้น 31|ซอยศึกษาวิทยา ถนนสาทรเหนือ|แขวงสีลม|เขตบางรัก|กรุงเทพมหานคร|10500|Thailand|02-636-3442||||0105558130571||HOTEL|_|030|200000|FALSE|ขาดรายละเอียดหน้า2||196|00000|114-3|กทม. HoReCa 3|100010|รินทร์ณฐา วรหิรัณยพงษ์|TRUE
5188|บริษัท ข้าวปั้น 2558 จำกัด|540 อาคารเมอร์คิวรี่ทาวเวอร์ ถนนเพลินจิต||แขวงลุมพินี|เขตปทุมวัน|กรุงเทพมหานคร|10330|Thailand|||||0105558130571||HOTEL|_|030|200000|FALSE|ขาดรายละเอียดหน้า2||196|00002|114-3|กทม. HoReCa 3|100010|รินทร์ณฐา วรหิรัณยพงษ์|TRUE
5189|บริษัท ข้าวปั้น 2558 จำกัด|69 อ.ศูนย์การค้าเซ็นทรัลเฟสติวัลอีสต์วิลล์|ห้อง112, 112T ชั้น 1 ถ.ประดิษฐ์มนูธรรม|แขวงลาดพร้าว|เขตลาดพร้าว|กรุงเทพมหานคร|10230|Thailand|||||0105558130571||HOTEL|_|030|200000|FALSE|ขาดรายละเอียดหน้า2||196|00001|114-3|กทม. HoReCa 3|100010|รินทร์ณฐา วรหิรัณยพงษ์|TRUE
5190|บริษัท โมดิเอเตอร์ จำกัด|167 ซอยพระรามเก้า 49 (ถนนเสรี 6)||แขวงสวนหลวง|เขตสวนหลวง|กรุงเทพมหานคร|10250|Thailand|098-954-1546||||0105558168713||HOTEL|_|030|235000|FALSE|เคยเช็คคืน #|||00000|114-3|กทม. HoReCa 3|100010|รินทร์ณฐา วรหิรัณยพงษ์|TRUE
5195|บริษัท ลิน ทูน่า อินเตอร์เทรด จำกัด|1473/9 ถนนพัฒนาการ||แขวงสวนหลวง|เขตสวนหลวง|กรุงเทพมหานคร|10250|Thailand|02-319-2230||02-319-2214||0105552114727||HOTEL|_|030|404000|TRUE||||00000|114-3|กทม. HoReCa 3|100010|รินทร์ณฐา วรหิรัณยพงษ์|TRUE
5196|น.ส.สาริณี จูจันทร์|52/300-4 หมู่ 7||ตำบลหลักหก|อำเภอเมืองปทุมธานี|จังหวัดปทุมธานี|12000|Thailand|081-446-4490||||1660200050276||HOTEL|_|007|100|FALSE|ขายสด 7 วัน|||00000|114-3|กทม. HoReCa 3|100010|รินทร์ณฐา วรหิรัณยพงษ์|TRUE
5199|บริษัท แฮปปี้มิลเลี่ยน จำกัด|148 ซ.สุขุมวิท 55 (ทองหล่อ)||แขวงคลองตันเหนือ|เขตวัฒนา|กรุงเทพมหานคร|10110|Thailand|063-175-1599||||0105558157401||RETAIL|_|030|60000|FALSE||||00000|114-3|กทม. HoReCa 3|100010|รินทร์ณฐา วรหิรัณยพงษ์|TRUE
5201|บริษัท ซาบิ วาบิ คูซีน จำกัด|27/1 ซอยสุขุมวิท 33 ถนนสุขุมวิท||แขวงคลองตันเหนือ|เขตวัฒนา|กรุงเทพมหานคร|10110|Thailand|02-258-2437||||0105558099151||HOTEL|_|030|124000|FALSE||||00000|114-3|กทม. HoReCa 3|100010|รินทร์ณฐา วรหิรัณยพงษ์|TRUE
5224|บริษัท โอซันเคียวได จำกัด|942/43 อาคารชาญอิสสระทาวเวอร์|ชั้นจี ถนนพระรามที่ 4|แขวงสุริยวงศ์|เขตบางรัก|กรุงเทพมหานคร|10500|Thailand|02-632-6660||||0105556034256||HOTEL|_|030|7000|FALSE||||00000|114-3|กทม. HoReCa 3|100010|รินทร์ณฐา วรหิรัณยพงษ์|TRUE
5227|นายเจตั้น เศรษฐีสุวรรณ|154 ซอยสุขุมวิท 55||แขวงคลองตันเหนือ|เขตวัฒนา|กรุงเทพมหานคร|10110|Thailand|096-787-9688||||1103300144245||HOTEL|_|030|24000|TRUE||||00000|114-3|กทม. HoReCa 3|100010|รินทร์ณฐา วรหิรัณยพงษ์|TRUE
5230|บริษัท เอ็ม บี เค โฮเต็ล แอนด์ รีสอร์ท จำกัด|155 หมู่ 2||ตำบลหนองทะเล|อำเภอเมืองกระบี่|จังหวัดกระบี่|81000|Thailand|075-628-000||075-628-058||0105540022407||HOTEL||030|38000|TRUE||||00001|114-3|กทม. HoReCa 3|100010|รินทร์ณฐา วรหิรัณยพงษ์|TRUE
5236|น.ส.สมพิศ ไชยโย|41/1 หมู่ 3||ตำบลสองคอน|อำเภอแก่งคอย|จังหวัดสระบุรี||Thailand|094-405-7499||||1199800005304||HOTEL|_|015|20000|TRUE|ขาย 15 วัน|||00000|114-3|กทม. HoReCa 3|100010|รินทร์ณฐา วรหิรัณยพงษ์|TRUE
5237|นายณัฐพนธ์ ยั่งยืน|12 ซอยรามอินทรา 31 ถนนรามอินทรา||แขวงอนุสาวรีย์|เขตบางเขน|กรุงเทพมหานคร|10220|Thailand|089-511-6025||||1100700444651||HOTEL|_|015|20000|FALSE|ขาย 15 วัน||207|00000|114-3|กทม. HoReCa 3|100010|รินทร์ณฐา วรหิรัณยพงษ์|TRUE
5238|นายจิตตินันท์ หงษ์ทอง|139/163 หมู่ 1 หมู่บ้านปราถนาคันทรีโฮม|ถนนรังสิต-นครนายก|ตำบลรังสิต|อำเภอธัญบุรี|จังหวัดปทุมธานี|12110|Thailand|081-374-3434||||3100603020902||HOTEL|_|030|100000|FALSE|ขาดแผนที่ตั้ง|||00000|114-3|กทม. HoReCa 3|100010|รินทร์ณฐา วรหิรัณยพงษ์|TRUE
5242|บริษัท ซูซูรัน ซูซิ จำกัด|514/18 ซอยรามคำแหง 39 (เทพลีลา 1) ถนนรามคำแหง||แขวงวังทองหลาง|เขตวังทองหลาง|กรุงเทพมหานคร|10310|Thailand|02-158-2510|081-702-7484|||0105559086699||HOTEL|_|030|20000|TRUE|||207|00000|114-3|กทม. HoReCa 3|100010|รินทร์ณฐา วรหิรัณยพงษ์|TRUE
5243|นายสรัญนพ เทพหัสดิน ณ อยุธยา|14 ซ.รามคำแหง118 แยก 27||แขวงสะพานสูง|เขตสะพานสูง|กรุงเทพมหานคร|10240|Thailand|||||3100601186374||ร้านอาหาร|_|030|20000|TRUE||||00000|114-3|กทม. HoReCa 3|100010|รินทร์ณฐา วรหิรัณยพงษ์|TRUE
5251|บริษัท นาราไทย คูซีน จำกัด|4,4/1-2,4/4 อาคารศูนย์การค้าเซ็นทรัลเวิลด|ชั้น7 ถนนราชดำริห์|แขวงปทุมวัน|เขตปทุมวัน|กรุงเทพมหานคร|10330|Thailand|02-652-0816||||0105547129223|HORECA|HOTEL||030|20000|TRUE|||210|00003|114-3|กทม. HoReCa 3|100010|รินทร์ณฐา วรหิรัณยพงษ์|TRUE
5259|บริษัท ยูกันนะ (ประเทศไทย) จำกัด|25/59 ซอยรามคำแหง 124||แขวงสะพานสูง|เขตสะพานสูง|กรุงเทพมหานคร|10240|Thailand|099-554-5624||||0105559137226|HORECA|HOTEL|_|030|20000|FALSE||||00000|114-3|กทม. HoReCa 3|100010|รินทร์ณฐา วรหิรัณยพงษ์|TRUE
5260|บริษัท เชดโดะ เจแปนนิส เรสเตอร์รอง จำกัด|58 หมู่ 8 ตำบลบางตลาด|||อำเภอปากเกร็ด|จังหวัดนนทบุรี|11120|Thailand|064-159-3969||||0125559019118|HORECA|HOTEL|_|030|20000|FALSE||||00000|114-3|กทม. HoReCa 3|100010|รินทร์ณฐา วรหิรัณยพงษ์|TRUE
5261|บริษัท บราเธอร์ คูซีน จำกัด|305/13 ซอยสุขมวิท 31(สวัสดี) แขวงคลองตันเหนือ|||เขตวัฒนา|กรุงเทพมหานคร|10110|Thailand|02-662-1179|095-778-2617|||0105558055234|HORECA|HOTEL||030|20000|TRUE||||00000|114-3|กทม. HoReCa 3|100010|รินทร์ณฐา วรหิรัณยพงษ์|TRUE
5267|บริษัท เม็มเบอร์ชิป จำกัด|419/2 อ.เชษฐโชติศักดิ์ 2 ช.6 ซ.ลาดพร้าว15|ถนนลาดพร้าว|แขวงจอมพล|เขตจตุจักร|กรุงเทพมหานคร|10900|Thailand|||||0105553140934|HORECA|HOTEL|_|030|20000|FALSE||||00000|114-3|กทม. HoReCa 3|100010|รินทร์ณฐา วรหิรัณยพงษ์|TRUE
5270|บริษัท โอเคเอ็ม ฟอร์เวิร์ด จำกัด|99/97 หมู่ที่ 1 ตำบลบางขุนกอง|||อำเภอบางกรวย|จังหวัดนนทบุรี|11130|Thailand|091-249-8448||||0105557087876|HORECA|HOTEL|_|030|20000|FALSE||||00000|114-3|กทม. HoReCa 3|100010|รินทร์ณฐา วรหิรัณยพงษ์|TRUE
5272|บริษัท ซูปพีเรีย ฟู้ด จำกัด|48/66 ซอยสุขาภิบาล 5 ซอย 27||แขวงท่าแร้ง|เขตบางเขน|กรุงเทพมหานคร|10220|Thailand|||||0105558138083|HORECA|HOTEL|_|030|20000|FALSE||||00000|114-3|กทม. HoReCa 3|100010|รินทร์ณฐา วรหิรัณยพงษ์|TRUE
5277|บริษัท โกฮัง เจแปนนิส เรสเตอรองต์ จำกัด|69 ศูนย์การค้าเซ็นทรัล เฟสติวัล อีสต์วิวล์|ห้อง K105,106 ถนนประดิษฐ์มนูธรรม|แขวงลาดพร้าว|เขตลาดพร้าว|กรุงเทพมหานคร|10230|Thailand|02-102-5259||||0105553027551|HORECA|HOTEL|_|030|20000|FALSE|||20|00002|114-3|กทม. HoReCa 3|100010|รินทร์ณฐา วรหิรัณยพงษ์|TRUE
5278|บริษัท อากาศ บิสโทร แอนด์ บาร์ จำกัด|30 ถนนเย็นอากาศ แขวงทุ่งมหาเมฆ|||เขตสาทร|กรุงเทพมหานคร|10120|Thailand|02-249-0182||||0105559130639|HORECA|HOTEL|_|030|20000|FALSE||||00000|114-3|กทม. HoReCa 3|100010|รินทร์ณฐา วรหิรัณยพงษ์|TRUE
5289|บริษัท ลันตา แลนด์ ดีเวลลอปเม้นท์ จำกัด|272 หมู่ที่ 3 ตำบลศาลาด่าน|||อำเภอเกาะลันตา|จังหวัดกระบี่|81150|Thailand|075-607-100#6202||075-684-019||0105542081125|HORECA|HOTEL|_|030|20000|TRUE||||00003|114-3|กทม. HoReCa 3|100010|รินทร์ณฐา วรหิรัณยพงษ์|TRUE
5293|บริษัท เจวี เรสโท จำกัด|769/2 ห้องC3 โครงการ Little Walk|ถนนบางนา-ตราด|แขวงบางนา|เขตบางนา|กรุงเทพมหานคร|10260|Thailand|089-620-8888||||0105559084891|HORECA|HOTEL|_|030|300000|TRUE||||00001|114-3|กทม. HoReCa 3|100010|รินทร์ณฐา วรหิรัณยพงษ์|TRUE
5299|น.ส.ณัฐจารี เบ็ดกิจ|287/289 ซ.สาธุประดิษฐ์ 58 แขวงบางโพงพาง|||เขตยานนาวา|กรุงเทพมหานคร|10120|Thailand|083-082-6459||||3101201367011|HORECA|HOTEL|_|015|20000|TRUE||||00000|114-3|กทม. HoReCa 3|100010|รินทร์ณฐา วรหิรัณยพงษ์|TRUE
5537|บริษัท ชุนกะ จำกัด|303 ถนนพัฒนาการ61||แขวงประเวศ|เขตประเวศ|กรุงเทพมหานคร|10250|Thailand|02-722-0884|02-722-3610|02-722-1107||0105555029399|HORECA|HOTEL|_|030|40000|TRUE||||00000|114-3|กทม. HoReCa 3|100010|รินทร์ณฐา วรหิรัณยพงษ์|TRUE
5542|บริษัท จีราฟุ จำกัด|655 ถนนลาดพร้าว||แขวงจอมพล|เขตจตุจักร|กรุงเทพมหานคร|10900|Thailand|||||0105557173489|HORECA|HOTEL|_|015|80000|FALSE||||00000|114-3|กทม. HoReCa 3|100010|รินทร์ณฐา วรหิรัณยพงษ์|TRUE
6427|นายกองเพชร  สันติสุภาพร|387/7 ถนนมหาพฤฒาราม||แขวงมหาพฤฒาราม|เขตบางรัก|กรุงเทพมหานคร|10900|Thailand|063-982-2468||||1100900379976|HORECA|RETAIL|_|007|100|TRUE|ขาย 7 วัน|||00000|114-3|กทม. HoReCa 3|100010|รินทร์ณฐา วรหิรัณยพงษ์|TRUE
6428|บริษัท ชิชิ ซูชิ จำกัด|96/12  ถนนราชพฤกษ์||แขวงบางระมาด|เขตตลิ่งชัน|กรุงเทพมหานคร|10170|Thailand|02-408-7777||||0105559149151|HORECA|HOTEL|_|030|50000|TRUE||||00001|114-3|กทม. HoReCa 3|100010|รินทร์ณฐา วรหิรัณยพงษ์|TRUE
6429|บริษัท แฟต บอย แอนด์ โค จำกัด|460 ซอยสุคนธสวัสดิ์ ถนนสุคนธสวัสดิ์||แขวงลาดพร้าว|เขตลาดพร้าว|กรุงเทพมหานคร|10230|Thailand|094-096-5902||02-578-8268||0105559131121|HORECA|HOTEL|_|030|30000|TRUE||||00000|114-3|กทม. HoReCa 3|100010|รินทร์ณฐา วรหิรัณยพงษ์|TRUE
6430|บริษัท บลูโอเชี่ยนซูชิ จำกัด|39  หมู่6 อาคารเมกาบางนา ห้องเลขที่1120| ชั้น1 ถนนบางนา-ตราด กม.8|ตำบลบางแก้ว|อำเภอบางพลี|จังหวัดสมุทรปราการ|10540|Thailand|02-105-1277||||0105554028020|HORECA|HOTEL|_|030|50000|FALSE||||00000|114-3|กทม. HoReCa 3|100010|รินทร์ณฐา วรหิรัณยพงษ์|TRUE
6725|บริษัท บานโคกุ จำกัด|69 ซอยรุ่งเรือง ถนนสุทธิสารวินิจฉัย||แขวงสามเสนนอก|เขตห้วยขวาง|กรุงเทพมหานคร|10310|Thailand|02-652-9979-80||||0105547099359|HORECA|HOTEL|_|030|40000|FALSE|||2|00000|114-3|กทม. HoReCa 3|100010|รินทร์ณฐา วรหิรัณยพงษ์|TRUE
7091|บริษัท โกลเด้น เวิคส์ จำกัด|95|ซอย สุขุมวิท 26|แขวงคลองตัน|เขตคลองเตย|กรุงเทพมหานคร|10110|Thailand|02-661-3840||||01055560017751|HORECA|HOTEL|_|030|33000|FALSE|||3|00001|114-3|กทม. HoReCa 3|100010|รินทร์ณฐา วรหิรัณยพงษ์|TRUE
7389|บริษัท โกฮัง เจแปนนิส เรสเตอรองต์ จำกัด|587, 589 ศูนย์การค้าพรอมานาด ห. 3026|ถนนรามอินทรา|แขวงคันนายาว|เขตคันนายาว|กรุงเทพมหานคร|10230|Thailand|||||0105553027551|HORECA|HOTEL|_|030|20000|FALSE|||20|00001|114-3|กทม. HoReCa 3|100010|รินทร์ณฐา วรหิรัณยพงษ์|TRUE
7443|นายธฤษณ ครรชิตานุรักษ์|169/325|ถนนกาญจนาภิเษก|แขวงดอกไม้|เขตประเวศ|กรุงเทพมหานคร|10250|Thailand|092-375-1937||||3101700475758|HORECA|ร้านอาหาร||030|40000|FALSE||||00000|114-3|กทม. HoReCa 3|100010|รินทร์ณฐา วรหิรัณยพงษ์|TRUE
7446|บริษัท ซิมิรัน ฟู้ด โปรดักส์|21/33 ซอยวิภาวดีรังสิต33 แยก5||แขวง สนามบิน|เขตดอนเมือง|กรุงเทพมหานคร|10210|Thailand|025362996||||0135543001494|เครดิตต่างจังหวัด / กทม|HOTEL||030|0|FALSE||||00001|114-3|กทม. HoReCa 3|100010|รินทร์ณฐา วรหิรัณยพงษ์|TRUE
7473|บริษัท โทระ แฟมิลี่ กรุ๊ป จำกัด|6 ซอยติวานนท์ 27 แยก 7||แขวงบางกระสอ|อำเภอเมืองนนทบุรี|จังหวัดนนทบุรี|11000|Thailand|02-9502295||||0125558029047|HORECA|ร้านอาหาร|_|030|50000|FALSE|||24|00000|114-3|กทม. HoReCa 3|100010|รินทร์ณฐา วรหิรัณยพงษ์|TRUE
7980|น.ส มัญชรี  รุ่งวัฒนภักดิ์|272/26 ซอยลาดพร้าว122(มหาดไทย1)||แขวงพลับพลา|เขตวังทองหลาง|กรุงเทพมหานคร|10310|Thailand|02-2646464#1556|064-5958155|||1101400712405|HORECA|ร้านอาหาร||030|20000|FALSE||||00000|114-3|กทม. HoReCa 3|100010|รินทร์ณฐา วรหิรัณยพงษ์|TRUE
8063|บริษัท ยู แอนด์  เฟรนส์ จำกัด|1144/18-19 ถนนพัฒนาการ30||แขวงสวนหลวง|เขตสวนหลวง|กรุงเทพมหานคร|10250|Thailand|02-369-3940 - 5 # 1||||0105550085266|HORECA|ร้านอาหาร||030|30000|TRUE||||00000|114-3|กทม. HoReCa 3|100010|รินทร์ณฐา วรหิรัณยพงษ์|TRUE
8139|บริษัท โทระ แฟมิลี่ กรุ๊ป จำกัด   (สาขาราชพฤกษ์)|143 หมู่ที่4||ตำบลบางกร่าง|อำเภอเมืองนนทบุรี|จังหวัดนนทบุรี|11000|Thailand|093-6626552||||0125558029047|HORECA|ร้านอาหาร||030|250000|TRUE|||24|00001|114-3|กทม. HoReCa 3|100010|รินทร์ณฐา วรหิรัณยพงษ์|TRUE
8141|บริษัท โอคามิ พหลโยธิน จำกัด|2159/3 ถนนพหลโยธิน||แขวงลาดยาว|เขตจตุจักร|กรุงเทพมหานคร|10900|Thailand|085-8636362||||0105559180636|HORECA|ร้านอาหาร||030|30000|FALSE|||||114-3|กทม. HoReCa 3|100010|รินทร์ณฐา วรหิรัณยพงษ์|TRUE
8565|บริษัท ไดอิปโป จำกัด|222/10 ถนนสายไหม||แขวงสายไหม|เขตสายไหม|กรุงเทพมหานคร|10220|Thailand|02-1590504||||0105559098468|HORECA|ร้านอาหาร||030|40000|FALSE||||00000|114-3|กทม. HoReCa 3|100010|รินทร์ณฐา วรหิรัณยพงษ์|TRUE
8566|บริษัท เซน-เรียว นิฮอนมูระ จำกัด|85 โครงการนิฮอนมูระมอลล์ ช.G ห. RG01|ซ.อรรคพัฒน์(ทองหล่อ13)ถ.สุขุมวิท55|แขวงคลองตันเหนือ|เขตวัฒนา|กรุงเทพมหานคร|10110|Thailand|02-7129688|02-7129699|||0105555039190|เครดิตต่างจังหวัด / กทม|ร้านอาหาร||030|40000|FALSE||||00000|114-3|กทม. HoReCa 3|100010|รินทร์ณฐา วรหิรัณยพงษ์|TRUE
8880|บริษัท มิสตี้ แวลเล่ย์ จำกัด|4/14 ซอยสุขุมวิท ซ.8|ถนนสุขุมวิท|แขวงคลองเตย|เขตคลองเตย|กรุงเทพมหานคร|10110|Thailand|02-6531110||||0105552052675|HORECA|ร้านอาหาร||030|30000|FALSE||||00000|114-3|กทม. HoReCa 3|100010|รินทร์ณฐา วรหิรัณยพงษ์|TRUE
8884|บริษัท ฮิดะ กริล จำกัด|2922/62-64 อ.ชาญอิสสระ2 ชั้น1| ถนนเพชรบุรีตัดใหม่|แขวงบางกะปิ|เขตห้วยขวาง|กรุงเทพมหานคร|10320|Thailand|02-7181922||||0105557078311|HORECA|ร้านอาหาร||030|40000|TRUE||||00000|114-3|กทม. HoReCa 3|100010|รินทร์ณฐา วรหิรัณยพงษ์|TRUE
8949|บริษัท ซีเอโล จำกัด|1595/500| ถนนสุขุมวิท|แขวงพระโขนงเหนือ|เขตวัฒนา|กรุงเทพมหานคร|10110|Thailand|02-3489100|081-9164270|||0105558086580|HORECA|ร้านอาหาร||030|40000|FALSE||||00000|114-3|กทม. HoReCa 3|100010|รินทร์ณฐา วรหิรัณยพงษ์|TRUE
