CustID|ShipToNum|ShipToName|ShipToAddress1|ShipToAddress2|ShipToAddress3|ShipToCity|ShipToProvince|ShipToPostalCode|ShipToCountry|ShipToPhone1|ShipToPhone2|ShipToFax1|ShipToFax2
1031||บริษัท โรงแรมราชดำริ จำกัด (มหาชน)|155 ถนนราชดำริ||แขวงลุมพินี|เขตปทุมวัน|กรุงเทพมหานคร|10330|Thailand|||02-253-9195|
1031|1|กรุงเทพฯ_อนันตราสยาม|(โรงแรมอนันตรา สยาม) 155 ถนนราชดำริ|แขวงลุมพินี||เขตปทุมวัน|กรุงเทพมหานคร|10330|Thailand||||
1521||วิทยาลัยดุสิตธานี|1 ซอยแก่นทอง ถนนศรีนครินทร์||แขวงหนองบอน|เขตประเวศ|กรุงเทพมหานคร|10250|Thailand|02-3617811-13 # 204|||
1522||วิทยาลัยดุสิตธานี|382/2 หมู่ 6 ถนนสุขุมวิท||ตำบลนาเกลือ|อำเภอบางละมุง|จังหวัดชลบุรี|20150|Thailand|038-488463-7|||
1535||บริษัท ไอส์แลนด์ รีสอร์ท โฮเต็ล จำกัด|1129 ถนนไกรสรสิทธิ์||ตำบลเวียง|อำเภอเมืองเชียงราย|จังหวัดเชียงราย|57000|Thailand|(053) 715777||(053) 715801|
1536||บริษัท ดุสิตแมนเนจเม้นท์ จำกัด|390 หมู่1 ถนนศรีสุนทร||ตำบลเชิงทะเล|อำเภอถลาง|จังหวัดภูเก็ต|83110|Thailand|(076) 362999||(076) 362900|
1536|1|ภูเก็ต1|โรงแรมดุสิตธานี ลากูน่า ภูเก็ต 390 หมู่1|ถนนศรีสุนทร|ตำบลเชิงทะเล|อำเภอถลาง|จังหวัดภูเก็ต|83110|Thailand|076-362999||076-362900|
1537||โรงแรม ดุสิตดีทู|100 ถนนช้างคลาน||ตำบลช้างคลาน|อำเภอเมืองเชียงใหม่|จังหวัดเชียงใหม่|50100|Thailand|(053) 999999||(053)999900|
1537|1|กรุงเทพฯ|โรงแรมดีทู เชียงใหม่|||อำเภอเมืองเชียงใหม่|จังหวัดเชียงใหม่||Thailand||||
1538||โรงแรมทินิดี ระนอง|41/144 ถนนท่าเมือง||ตำบลเขานิเวศน์|อำเภอเมืองระนอง|จังหวัดระนอง|85000|Thailand|077-835240-4||077-835238-9|
1540||โรงแรมดุสิตธานี|946 ถนนพระราม 4||แขวงสีลม|เขตบางรัก|กรุงเทพมหานคร|10500|Thailand|2380032-9|||
1541||โรงแรมดุสิตปริ๊นเซส|112 ถนนช้างคลาน||ตำบลช้างคลาน|อำเภอเมืองเชียงใหม่|จังหวัดเชียงใหม่|50100|Thailand|053-253-900||053-281-044|
1542||โรงแรม ดุสิตปริ๊นเซส|53 ถนนศรีนครินทร์||แขวงหนองบอน|เขตประเวศ|กรุงเทพมหานคร|10250|Thailand|(02) 721-8400|||
1583||บริษัท คาบุกิ (ประเทศไทย)จำกัด|39 ชั้น 1 ห้องจี 01 อาคาร 39 บูเลอวาร์ด|ถ.สุขุมวิทซอย 39(ซ.พร้อมมิตร)|แขวงคลองตันเหนือ|เขตวัฒนา|กรุงเทพมหานคร|10110|Thailand|02-1294423|||
1610||บริษัท โรงแรมเซ็นทรัลพลาซา จำกัด (มหาชน)|1695 ถนนพหลโยธิน||แขวงจตุจักร|เขตจตุจักร|กรุงเทพมหานคร|10900|Thailand|02-541-1234||02-541-1085|
3790||บริษัท นาโนฮานา จำกัด|323/1 ชั้น2ห้องบี1-บี3|ถนนสุขุมวิท55(ทองหล่อซ.15)|แขวงคลองตันเหนือ|เขตวัฒนา|กรุงเทพมหานคร|10110|Thailand||||
3790|1|กรุงเทพฯ_เลขที่952|952 ชั้น 22 อาคารรามาแลนด์|ถนนพระรามสี่|แขวงสุริยวงศ์|เขตบางรัก|กรุงเทพมหานคร|10500|Thailand|083-7771059|||
3791||บริษัท นาโนฮานา จำกัด|952 ชั้น 22 อาคารรามาแลนด์|ถนนพระรามสี่|แขวงสุริยวงศ์|เขตบางรัก|กรุงเทพมหานคร|10500|Thailand|083-7771059|||
3817||บริษัท ต้นเครื่อง (1991) จำกัด|211/3 ซอยสุขุมวิท 49 (กลาง) ถนนสุขุมวิท||แขวงคลองตันเหนือ|เขตวัฒนา|กรุงเทพมหานคร|10110|Thailand|02-1852340|||
3884||บริษัท มณียา เรียลตี้ จำกัด|518/8 อาคารรอยัลมณียาทาวเวอร์ ถนนเพลินจิต||แขวงลุมพินี|เขตปทุมวัน|กรุงเทพมหานคร|10330|Thailand|02-1255000||02-1255001|
3884|1|กรุงเทพฯ|โรงแรมเรเนซองส์ กรุงเทพฯ ราชประสงค์ 518/8|อาคารรอยัลมณียาทาวเวอร์ ถนนเพลินจิต แขวงลุมพินี||เขตปทุมวัน|กรุงเทพมหานคร|10330|Thailand||||
3967||บริษัท นาราไทย คูซีน จำกัด|518/5 ชั้น 9 อาคารมณียาเซ็นเตอร์|ถนนเพลินจิต|แขวงลุมพินี|เขตปทุมวัน|กรุงเทพมหานคร|10330|Thailand|||02-6520815|
4095||โรงแรมดุสิตปริ๊นเซส|1137 ถนนสุรนารายณ์||ตำบลในเมือง|อำเภอเมืองนครราชสีมา|จังหวัดนครราชสีมา|30000|Thailand|044-256629-35||044-256601|
4174||บริษัท โรงแรมเซ็นทรัลเวิลด์ จำกัด|999/99 ถนนพระราม 1||แขวงปทุมวัน|เขตปทุมวัน|กรุงเทพมหานคร|10330|Thailand|02-1001234||02-1006250|
4174|1|กรุงเทพฯ|โรงแรมเซ็นทารา แกรนด์ เซ็นทรัลเวิลด์|999/99 ถนนพระราม 1 แขวงปทุมวัน||เขตปทุมวัน|กรุงเทพมหานคร|10330|Thailand|02-1001234||02-1006250|
4178||บริษัท บางกอกคลับ จำกัด|175 อาคารสาธรซิตี้ทาวเวอร์ ชั้น 27/1|และชั้น 28/1 ถนนสาทรใต้|แขวงทุ่งมหาเมฆ|เขตสาทร|กรุงเทพมหานคร|10120|Thailand|||02-2851998 (Fax.)|
4178|1|เอ็มโพเรียม|Emporiam Suit FL. B1 อาคารเอ็มโพเรียม|ซอยสุขุมวิท 24 ถนนสุขุมวิท แขวงคลองเตย||เขตคลองเตย|กรุงเทพมหานคร|10110|Thailand||||
4641||บริษัท ฮะกะคุเระ จำกัด|8/1 ซอยพาสนา 3||แขวงพระโขนงเหนือ|เขตวัฒนา|กรุงเทพมหานคร|10260|Thailand||||
4689||โรงแรมดุสิตธานี|1349 ถนนเพชรเกษม||ตำบลชะอำ|อำเภอชะอำ|จังหวัดเพชรบุรี|76120|Thailand|032-442101-9||032-520296|
4804||บริษัท แอล ฟู้ดโซลูชันส์ จำกัด|102 ถนน ณ ระนอง||แขวงคลองเตย|เขตคลองเตย|กรุงเทพมหานคร|10110|Thailand|02-3488824|||
4804|1|กรุงเทพฯ_JUMBO BEE|JUMBO BEE (แฟชั่นไอแลนด์ ชั้น B)||||กรุงเทพมหานคร||Thailand||||
4804|2|กรุงเทพฯ_Tetsumen & Dohtonburi|Tetsumen & Dohtonburi 88 ศูนย์การค้า Terminal 21|ชั้น 5 ซอยสุขุมวิท 19 ถนนสุขุมวิท แขวงคลองเตย||เขตคลองเตย|กรุงเทพมหานคร|10500|Thailand||||
4804|3|กรุงเทพฯ_AI Japanese Village|AI Japanese Village สาขาเดอะไนน์|โครงการ The Nine ชั้น2 ถนนพระราม 9|แขวงหัวหมาก|เขตบางกะปิ|กรุงเทพมหานคร|10250|Thailand||||
4804|4|กรุงเทพฯ_WaQ|ร้านอาหารญี่ปุ่น วาคิว Wa-Q(โครงการพารากอน)|ศูนย์การค้าสยามพารากอน 4-22 บี ชั้น 4|เลขที่ 991ถ.พระราม 1 แขวงปทุมวัน|เขตปทุมวัน|กรุงเทพมหานคร|10330|Thailand||||
4804|6|โครงการ The Explace|โครงการ The Explace ชั้น1 (ตรงข้ามMK)|ถนนกาญจนาภิเษก(วงแหวนรอบนอก)|แขวงบางแค|เขตบางแค|กรุงเทพมหานคร|10160|Thailand||||
4805||บริษัท คาเซะ ทองหล่อ จำกัด|318 ถนนสุขุมวิท 55||แขวงคลองตันเหนือ|เขตวัฒนา|กรุงเทพมหานคร|10110|Thailand|087-7547966|||
4938||บริษัท แองเจิ้ล ซิตี้ ไดเนอร์ จำกัด|29/1 ซอยสุขุมวิท 11(ไชยยศ)||แขวงคลองเตยเหนือ|เขตวัฒนา|กรุงเทพมหานคร|10110|Thailand|02-651-3313||02-651-3315|
4949||บริษัท ดิ ออสเตรเลี่ยน ผับ จำกัด|37 ซอยสุขุมวิท 11(ซอยไชยยศ) ถนนสุขุมวิท||แขวงคลองเตยเหนือ|เขตวัฒนา|กรุงเทพมหานคร|10110|Thailand|02-651-0800|||
4952||บริษัท แชมเปี้ยนส์ เรสเทอรองท์ แอนด์ สปอร์ต บาร์ จ|18 ชั้น G ซอยสุขุมวิท 11 ถนนสุขุมวิท||แขวงคลองเตยเหนือ|เขตวัฒนา|กรุงเทพมหานคร||Thailand|02-651-2933|||
4953||บริษัท โกลด์ดี้ล็อค จำกัด|4,4/1-4/2,4/4 อาคารศูนย์การค้าเซ็นทรัลเวิลด์|ห้องเลขที่ จี108 ชั้นที่ 1 ถนนราชดำริห์|แขวงปทุมวัน|เขตปทุมวัน|กรุงเทพมหานคร|10330|Thailand|02-652-2566||02-652-0840|
4953|1|กรุงเทพฯ|อาคารศูนย์การค้าเซ็นทรัลเวิลด์ ชั้นที่ B1|ถนนราชดำริห์ แขวงปทุมวัน||เขตปทุมวัน|กรุงเทพมหานคร|10330|Thailand||||
4953|2|กรุงเทพฯ4/1|4/1 ซอยสุขุมวิท 58 ถนนสุขุมวิท แขวงบางจาก|||เขตพระโขนง|กรุงเทพมหานคร|10260|Thailand|086-014-3214|||
4956||บริษัท เดอะ รัตน์ แพ็ค จำกัด|19 ซอยสุขุมวิท 11(ไชยยศ)||แขวงคลองเตยเหนือ|เขตวัฒนา|กรุงเทพมหานคร|10110|Thailand|02-651-0214||02-651-0215|
4956|1|กรุงเทพฯ1|(ส่งสินค้าหลังเที่ยง)19 ซอยสุขุมวิท 11(ไชยยศ)|แขวงคลองเตยเหนือ||เขตวัฒนา|กรุงเทพมหานคร|10110|Thailand||||
4961||บริษัท นำเกียรติ จำกัด(รอแยลเบญจาโฮเต็ล)|39 ซอยสุขุมวิท 5(เลิศสิน1) ถนนสุขุมวิท||แขวงคลองเตยเหนือ|เขตคลองเตย|กรุงเทพมหานคร|10110|Thailand|02-655-2920||02-655-2959|
4961|1|กรุงเทพฯ|(โรงแรมรอยัลเบญจา) 39 ซอยสุขุมวิท 5(เลิศสิน1)|ถนนสุขุมวิท แขวงคลองเตยเหนือ||เขตคลองเตย|กรุงเทพมหานคร|10110|Thailand||||
4963||นายโอภาส เลียวกายะสุวรรณ|70/7 ถนนสตรีวิทยา 2 ซอย 6||แขวงลาดพร้าว|เขตลาดพร้าว|กรุงเทพมหานคร|10230|Thailand|086-107-5945|||
4965||บริษัท วิวัณณ์แคปปิตอล จำกัด|458/6-9 ล็อก 28 สยามสแควร์ ซอย8 ถนนพระราม1||แขวงปทุมวัน|เขตปทุมวัน|กรุงเทพมหานคร|10330|Thailand||||
4965|1|กรุงเทพฯ|ร้านอาหารบ้านคุณแม่ 458/6-9 ล็อก 28|สยามสแควร์ ซอย8 ถนนพระราม1 แขวงปทุมวัน||เขตปทุมวัน|กรุงเทพมหานคร|10330|Thailand||||
4966||บริษัท อิตัลไทย ฮอลพิทาลิตี้ จำกัด (Central Kitche|110 ถนนวิทยุ||แขวงลุมพินี|เขตปทุมวัน|กรุงเทพมหานคร|10330|Thailand|02-319-1031#1101||02-252-5536|
4966|2|บริษัท อิตัลไทย ฮอลพิทาลิตี้ จำกัด (Central Kitche|บริษัท อิตัลไทย ฮอลพิทาลิตี้ จำกัด|(Central Kitchen) 110 ถนนวิทยุ|แขวงลุมพินี|เขตปทุมวัน|กรุงเทพมหานคร|10330|Thailand||||
4967||บริษัท เดลมอน สยาม จำกัด|189 ถนนสุขุมวิท||แขวงคลองเตยเหนือ|เขตวัฒนา|กรุงเทพมหานคร|10110|Thailand|02-126-9999||02-126-9998|
4967|1|กรุงเทพฯ|Sofitel Bangkok Sukhumvit Hotel 189 ถนนสุขุมวิท|แขวงคลองเตยเหนือ||เขตวัฒนา|กรุงเทพมหานคร|10110|Thailand||||
4969||บริษัท หรรษา โฮเต็ล จำกัด|3/250 ซอยมหาดเล็กหลวง 2 ถนนราชดำริ||แขวงลุมพินี|เขตปทุมวัน|กรุงเทพมหานคร|10330|Thailand|02-209-1249|||
4974||บริษัท เจ้าพระยาสยาม (1975) จำกัด|219 ซอยจรัญสนิทวงศ์ 66/1 ถ.จรัญสนิทวงศ์||แขวงบางพลัด|เขตบางพลัด|กรุงเทพมหานคร|10700|Thailand|02-422-9222||02-433-5880|
4974|1|กรุงเทพฯ|โรงแรมรอยัลริเวอร์ 219 ซอยจรัญสนิทวงศ์ 66/1|ถ.จรัญสนิทวงศ์ แขวงบางพลัด||เขตบางพลัด|กรุงเทพมหานคร|10700|Thailand||||
4976||บริษัท บางกอก รอยัล ไทย คูซีน จำกัด|99 อาคารรอยัลเรสซิเดนส์พาร์ค ถนนวิทยุ||แขวงลุมพินี|เขตปทุมวัน|กรุงเทพมหานคร|10330|Thailand|02-256-6555||02-684-5969|
4976|1|กรุงเทพฯ|Osha Thai Restaurant & Bar 99|อาคารรอยัลเรสซิเดนส์พาร์ค ถนนวิทยุ|แขวงลุมพินี|เขตปทุมวัน|กรุงเทพมหานคร|10330|Thailand||||
4978||บริษัท ดิ เอราวัณ กรุ๊ป จำกัด(มหาชน)|927 อาคารโรงแรมเมอร์เคียว ไอบิส กรุงเทพ สยาม|ถนนพระราม 1|แขวงวังใหม่|เขตปทุมวัน|กรุงเทพมหานคร|10330|Thailand|02-874-7222||02-874-7229|
4979||บริษัท สุภัทรา ริเวอร์ แมนชั่น จำกัด|23 ถนนพระอาทิตย์||แขวงชนะสงคราม|เขตพระนคร|กรุงเทพมหานคร|10200|Thailand||||
4980||บริษัท เดอะ เบคอะวิช จำกัด|24 ซอยสุขสวัสดิ์ 19 ถนนสุขสวัสดิ์||แขวงบางปะกอก|เขตราษฎร์บูรณะ|กรุงเทพมหานคร|10140|Thailand|02-427-3120||02-427-3125|
4980|1|กรุงเทพฯ|บริษัท เบคอะวิช เจ.เอช.ซี จำกัด 116|ซอยสุขสวัสดิ์ 26 ถนนสุขสวัสดิ์|แขวงบางมด|เขตจอมทอง|กรุงเทพมหานคร|10150|Thailand||||
4982||บริษัท  เพลนตี้ มัช มอร์ จำกัด|546/4  ถนนเพลินจิต||แขวงลุมพินี|เขตปทุมวัน|กรุงเทพมหานคร|10330|Thailand|02-251-2187||02-251-7767|
4982|1|กรุงเทพฯ|Wine Bridge Plus   546/4|ถนนเพลินจิต  แขวงลุมพินี||เขตปทุมวัน|กรุงเทพมหานคร|10330|Thailand||||
4983||บริษัท มอร์ แอนด์ มัช จำกัด|31 อาคารเดอะ ปอร์ติโก|ห้องเลขที่ 106-108 ซอยหลังสวน|แขวงลุมพินี|เขตปทุมวัน|กรุงเทพมหานคร|10330|Thailand|02-251-7767|||
4983|1|กรุงเทพฯ|Beer Bridge 31 อาคารเดอะ ปอร์ติโก ชั้น G|ห้องเลขที่ 106-108 ซอยหลังสวน แขวงลุมพินี|||กรุงเทพมหานคร|10330|Thailand||||
4998||บริษัท ซูซิ โอตารุ จำกัด|139 ซอยสุขุมวิท 63(เอกมัย)||แขวงคลองตันเหนือ|เขตวัฒนา|กรุงเทพมหานคร|10110|Thailand|02-392-7737|||
4998|1|กรุงเทพฯ|Sushi Otaru 139 โครงการ Arena 10 ถนนสุขุมวิท63|ซอยทองหล่อ 10 แขวงคลองตันเหนือ||เขตวัฒนา|กรุงเทพมหานคร|10110|Thailand||||
4999||บริษัท ไคเซ็น ซูซิ แกรนด์ จำกัด|131/1 อาคารเบ็ลคอนโดมิเนียม ซอยทวีมิตร ถนนพระราม 9||แขวงห้วยขวาง|เขตห้วยขวาง|กรุงเทพมหานคร|10310|Thailand|02-168-1141|||
4999|1|กรุงเทพฯ|Kaizen Sushi Grand 131/1 อาคารเบ็ลคอนโดมิเนียม| ซอยทวีมิตร ถนนพระราม 9|แขวงห้วยขวาง|เขตห้วยขวาง|กรุงเทพมหานคร|10310|Thailand||||
5000||บริษัท มาย-ยู (ประเทศไทย) จำกัด|33 ซอยพหลโยธิน 5 ถนนพหลโยธิน||แขวงสามเสนใน|เขตพญาไท|กรุงเทพมหานคร|10400|Thailand|02-619-8664|||
5000|1|กรุงเทพฯ|MAIUU 33 ซอยพหลโยธิน 5(ราชครู) ถนนพหลโยธิน|แขวงสามเสนใน||เขตพญาไท|กรุงเทพมหานคร|10400|Thailand||||
5001||บริษัท เดอะ โมสต์ (แบงค็อก) จำกัด|51/3 ซอยร่วมมิตร ถนนดินแดง||แขวงสามเสนใน|เขตพญาไท|กรุงเทพมหานคร||Thailand||||
5001|1|กรุงเทพฯ|The Cavalry Club 51/3 ซอยร่วมมิตร ถนนดินแดง|แขวงสามเสนใน||เขตพญาไท|กรุงเทพมหานคร||Thailand||||
5003||บริษัท บางกอกคลับ จำกัด|175 อาคารสาธรซิตี้ทาวเวอร์|ชั้น 27/1 และชั้น 28/1 ถนนสาทรใต้|แขวงทุ่งมหาเมฆ|เขตสาทร|กรุงเทพมหานคร|10120|Thailand|02-679-5550|||
5008||บริษัท ไคเซ็นซูซิบาร์ จำกัด|8/3 โนเบิล รีฟอร์ม ซอยพหลโยธิน 7 ถนนพหลโยธิน||แขวงสามเสนใน|เขตพญาไท|กรุงเทพมหานคร|10400|Thailand||||
5008|1|กรุงเทพฯ|KAIZEN SUSHI BAR(สาขาอารีย์)8/3| โนเบิล รีฟอร์ม ซอยพหลโยธิน 7ถนนพหลโยธิน|แขวงสามเสนใน|เขตพญาไท|กรุงเทพมหานคร|10400|Thailand||||
5009||บริษัท เคอาร์ซี เอ็นเตอร์ไพรส์ จำกัด|88/1 อาคารเอท ทองหล่อ ห้องเอล206 เอ|ซอยสุขุมวิท55(ทองหล่อ) ถนนสุขุมวิท|แขวงคลองตันเหนือ|เขตวัฒนา|กรุงเทพมหานคร|10110|Thailand||||
5009|1|กรุงเทพฯ|Katana Japanese Restaurant 88/1 อาคารเอท ทองหล่อ|ห้องเอล206 เอ ซอยสุขุมวิท55(ทองหล่อ) ถนนสุขุมวิท|แขวงคลองตันเหนือ|เขตวัฒนา|กรุงเทพมหานคร|10110|Thailand||||
5010||นายกฤษณ์ สินเพิ่มสุขสกุล|102 อาคารล็อกซเล่ย์ ถนน ณ ระนอง||แขวงคลองเตย|เขตคลองเตย|กรุงเทพมหานคร|10110|Thailand|02-348-8000|||
5011||บริษัท ทรัพย์ภูผา จำกัด|63/161 หมู่1||ตำบลหลักหก|อำเภอเมืองปทุมธานี|จังหวัดปทุมธานี|12000|Thailand||||
5011|1|กรุงเทพฯ_อาคารล็อกซเล่ย์|102 อาคารล็อกซเล่ย์ ถนน ณ ระนอง แขวงคลองเตย|||เขตคลองเตย|กรุงเทพมหานคร|10110|Thailand||||
5013||นายชาฏิ วิโนทัย|58/99 หมู่ที่ 6||ตำบลบางขุนกอง|อำเภอบางกรวย|จังหวัดนนทบุรี||Thailand|02-279-2461|||
5013|1|กรุงเทพฯ|Sousaku Sushi Restaurant 1/6 อาคารเพ็ญเฮ้าส์|(อารีย์ 2)  ซอยอารีย์ ถนนพหลโยธิน แขวงสามเสนใน||เขตพญาไท|กรุงเทพมหานคร|10400|Thailand||||
5013|3|นายชาฏิ วิโนทัย|Sousaku Sushi 39/1|ซอยอารีย์ 4 ถนนพหลโยธิน|แขวงสามเสนใน|เขตพญาไท|กรุงเทพมหานคร|10400|Thailand||||
5014||บริษัท วาโคอุ จำกัด|548/7 โครงการแอมบาสซี่ปาร์ค พลาซ่า ถนนเพลินจิต||แขวงปทุมวัน|เขตปทุมวัน|กรุงเทพมหานคร|10330|Thailand|02-252-2002||02-252-2700|
5014|1|กรุงเทพฯ|Suikin Japanese Restaurant 548/7|โครงการแอมบาสซี่ปาร์ค พลาซ่า ถนนเพลินจิต|แขวงปทุมวัน|เขตปทุมวัน|กรุงเทพมหานคร|10330|Thailand|02-252-2002||02-252-2700|
5015||บริษัท จีดีพี ฟูด จำกัด|4, 4/1-4/2,4/4 อาคารศูนย์การค้าเซ็นทรัลเวิลด์|ห้องเลขที่ A 707/1 ชั้นที่ 7 ถนนราชดำริห์|แขวงปทุมวัน|เขตปทุมวัน|กรุงเทพมหานคร|10330|Thailand|02-613-1571|||
5015|1|กรุงเทพฯ|Sushi Den 4, 4/1-4/2,4/4 ห้องเลขที่ A 707/1, ชั้น7|อาคารศูนย์การค้าเซ็นทรัลเวิลด์  ถนนราชดำริห์|แขวงปทุมวัน|เขตปทุมวัน|กรุงเทพมหานคร|10330|Thailand||||
5015|2|กรุงเทพฯ_ปิ่นเกล้า|Sushi Den (สาขาเซ็นทรัลปิ่นเกล้า)7/504|ศูนย์การค้าเซ็นทรัลปิ่นเกล้า ห้อง 520/2|ถนนบรมราชชนนี  แขวงอรุณอมรินทร์|เขตบางกอกน้อย|กรุงเทพมหานคร|10700|Thailand||||
5015|3|กรุงเทพฯ_สยามสแควร์วัน|Sushi Den (สาขาSiam Square one)|388 อาคารสยามสแควร์วัน ชั้น 4เลขที่ห้อง SS 4019|ถนนพระราม 1 แขวงปทุมวัน|เขตปทุมวัน|กรุงเทพมหานคร|10330|Thailand|02-115-1475|||
5016||บริษัท จีดีพี ฟูด จำกัด|7/504 ศูนย์การค้าเซ็นทรัลปิ่นเกล้า ห้อง 520/2|ถนนบรมราชชนนี|แขวงอรุณอมรินทร์|เขตบางกอกน้อย|กรุงเทพมหานคร|10700|Thailand|02-254-8159|||
5017||บริษัท จีดีพี ฟูด จำกัด|388 อาคารสยามสแควร์วัน ชั้น 4 เลขที่ห้อง SS 4019|ถนนพระราม 1|แขวงปทุมวัน|เขตปทุมวัน|กรุงเทพมหานคร|10330|Thailand|02-115-1475|||
5062||บริษัท ซูซิเด็น จำกัด|1697 ศูนย์การค้าเซ็นทรัลลาดพร้าว|ห้อง121 ชั้น1 ถนนพหลโยธิน|แขวงจตุจักร|เขตจตุจักร|กรุงเทพมหานคร|10900|Thailand|02-103-4011|||
5062|1|กรุงเทพฯ_เซ็นทรัลลาดพร้าว|SuShi Den-อาคารเซ็นทรัลลาดพร้าว 1697|ห้อง 121 ชั้น1 ถนนพหลโยธิน|แขวงจตุจักร|เขตจตุจักร|กรุงเทพมหานคร|10900|Thailand||||
5062|2|กรุงเทพฯ_สยามพารากอน| 991 ศูนย์การค้าสยามพารากอน ช 4 ห.4-31B,4B-1/1|ถนนพระราม 1|แขวงปทุมวัน|เขตปทุมวัน|กรุงเทพมหานคร|10330|Thailand||||
5062|3|นนทบุรี_เซ็นทรัลเวสต์เกต|Sushi Den-เซ็นทรัลเวต์เกต199,199/1,199/2 ม. 6|ห้อง397/1 ชั้น3|ตำบลเสาธงหิน|อำเภอบางใหญ่|จังหวัดนนทบุรี|11140|Thailand||||
5062|4|กรุงเทพฯ_สีลมคอมเพล็กซ์|SuShi Den-อาคารสีลมคอมเพล็กซ์|191 ห้องOP-433-434 ชั้น4 ถนนสีลม|แขวงสีลม|เขตบางรัก|กรุงเทพมหานคร|10500|Thailand||||
5062|5|กรุงเทพฯ_เทอมินอล21|ศูนย์การค้าเทอมินอล21 เลขที่ 2,88 ชั้นLG|ซอยสุขุมวิท19 (วัฒนา) ถนนสุขุมวิท|แขวงคลองเตยเหนือ|เขตวัฒนา|กรุงเทพมหานคร|10110|Thailand|085-112-5667|||
5062|6|กรุงเทพฯ_เซ็นทรัลปิ่นเกล้า|SuShi Den (เซ็นทรัลปิ่นเกล้า)|7/222 ห้องG09 ช.G ถ.บรมราชชนนี|แขวงอรุณอมรินทร์|เขตบางกอกน้อย|กรุงเทพมหานคร|10700|Thailand||||
5063||บริษัท ซูซิเด็น จำกัด|991 อาคารศูนย์การค้าสยามพารากอน ชั้นที่ 4|ห้องเลขที่ 4-31B,4B-1/1 ถนนพระราม 1|แขวงปทุมวัน|เขตปทุมวัน|กรุงเทพมหานคร|10330|Thailand|02-610-9667|||
5064||บริษัท ซูซิเด็น จำกัด|199,199/1,199/2หมู่ 6อาคารเซ็นทรัลพลาซ่าเวสต์เกต|ห้อง397/1ชั้น3|ตำบลเสาธงหิน|อำเภอบางใหญ่|จังหวัดนนทบุรี|11140|Thailand|02-194-2709|||
5065||บริษัท ซูซิเด็น จำกัด|191 อาคารสีลมคอมเพล็กซ์ ห้องเลขที่ OP-433-434|ชั้นที่ 4 ถนนสีลม|แขวงสีลม|เขตบางรัก|กรุงเทพมหานคร|10500|Thailand||||
5066||บริษัท ซูซิเด็น จำกัด|2,88 อาคารศูนย์การค้าเทอมินอล 21 ชั้นที่ LG|ซอยสุขุมวิท 19 (วัฒนา) ถนนสุขุมวิท|แขวงคลองเตยเหนือ|เขตวัฒนา|กรุงเทพมหานคร|10110|Thailand|085-112-5667|||
5067||บริษัท ซูซิเด็น จำกัด|7/222 อาคารศูนย์การค้าเซ็นทรัลพลาซาปิ่นเกล้า|ห้องเลขที่G09 ชั้น G ถนนบรมราชชนนี|แขวงอรุณอมรินทร์|เขตบางกอกน้อย|กรุงเทพมหานคร|10700|Thailand|02-884-5440|||
5070||บริษัท อินเตอร์นู้ดเดิ้ล จำกัด|8/30 ซอยลาดพร้าว 8 ถนนลาดพร้าว||แขวงจอมพล|เขตจตุจักร|กรุงเทพมหานคร|10900|Thailand||||
5070|1|T-HOUSE ลาดพร้าว8|T-HOUSE เลขที่ 8/30 ซอยลาดพร้าว 8 ถนนลาดพร้าว|แขวงจอมพล||เขตจตุจักร|กรุงเทพมหานคร||Thailand||||
5071||บริษัท คนแล่ปลา จำกัด|31 ซอยหลังสวน||แขวงลุมพินี|เขตปทุมวัน|กรุงเทพมหานคร|10330|Thailand|02-652-2607|||
5071|1|FILLETS หลังสวน|FILLETS เลขที่31 อาคารThe Portico ชั้น3 ซอยหลังสวน|ถนนหลังสวน แขวงลุมพินี||เขตปทุมวัน|กรุงเทพมหานคร||Thailand||||
5075||บริษัท เทนยุ แกรนด์ จำกัด|66 ซอยพิพัฒน์ ถนนสาทรเหนือ||แขวงสีลม|เขตบางรัก|กรุงเทพมหานคร|10500|Thailand|02-632-1777|||
5075|2|บริษัท เทนยุ แกรนด์ จำกัด|Tenyuu Grand|66 ซอยพิพัฒน์ ถนนสาทรเหนือ|แขวงสีลม|เขตบางรัก|กรุงเทพมหานคร|10500|Thailand||||
5084||บริษัท ไคเซ็น ซูซิ จำกัด|308 ถนนพญาไท||แขวงถนนเพชรบุรี|เขตราชเทวี|กรุงเทพมหานคร|10400|Thailand||||
5084|1|กรุงเทพฯ|(สาขาราชเทวี) 308 ถนนพญาไท แขวงถนนเพชรบุรี|||เขตราชเทวี|กรุงเทพมหานคร|10400|Thailand||||
5085||บริษัท ทาคูมิ จำกัด|130-132 อาคารกลาสเฮ้าส์สินธร|ห้องเลขที่ R4 ถนนวิทยุ|แขวงลุมพินี|เขตปทุมวัน|กรุงเทพมหานคร|10330|Thailand||||
5085|1|กรุงเทพฯ|Misho Japanese Restaurant 130-132|อาคารกลาสเฮ้าส์สินธรห้องเลขที่ R4|ถนนวิทยุ แขวงลุมพินี|เขตปทุมวัน|กรุงเทพมหานคร|10330|Thailand||||
5091||บริษัท โทโรโร จำกัด|8 อาคารเดอะออไรซอน ชั้น 1|ห้องเลขที่ 8130 ถนนสุขุมวิท63|แขวงพระโขนงเหนือ|เขตวัฒนา|กรุงเทพมหานคร|10110|Thailand|02-714-2228|||
5091|1|สุขุมวิท 71|โทโรโร เลขที่ 537/3 ซอยปรีดีย์พนมยงค์23|ถนนสุขุมวิท71 แขวงพระโขนงเหนือ||เขตวัฒนา|กรุงเทพมหานคร|10110|Thailand||||
5092||บริษัท เทนยุ เอ็มควอเทียร์ จำกัด|693 อาคารศูนย์การค้าเอ็มควอเทียร์|ชั้น8 ห้อง8A03 ถนนสุขุมวิท|แขวงคลองตันเหนือ|เขตวัฒนา|กรุงเทพมหานคร|10110|Thailand|02-003-6277|||
5092|1|Tenyuu Sho สุขุมวิท|Tenyuu Sho The EmQuartier 693|อาคารศูนย์การค้าเอ็มควอเทียร์ ชั้น8 ห้อง8A03|ถนนสุขุมวิท แขวงคลองตันเหนือ|เขตวัฒนา|กรุงเทพมหานคร||Thailand||||
5097||บริษัท มิสเตอร์ ซูซิ จำกัด|28/37-38 หมู่ 6||ตำบลจันทนิมิต|อำเภอเมืองจันทบุรี|จังหวัดจันทบุรี|22000|Thailand|02-748-9842|||
5097|1|กรุงเทพฯ_สาขาบางนา|สาขาบางนา 21 ซอยประวิทย์และเพื่อน5 ถนนสุขุมวิท|แขวงบางจาก||เขตพระโขนง|กรุงเทพมหานคร|10260|Thailand||||
5098||บริษัท มิสเตอร์ ซูซิ จำกัด|30/1 ซอยบางนา-ตราด 23||แขวงบางนา|เขตบางนา|กรุงเทพมหานคร|10260|Thailand|02-748-9842||02-399-1290|
5099||บริษัท มิสเตอร์ ซูซิ จำกัด|288 ถนนเฉลิมพระเกียรติ ร.9||แขวงหนองบอน|เขตประเวศ|กรุงเทพมหานคร|10250|Thailand|052-748-9842||02-399-1290|
5100||บริษัท มิสเตอร์ ซูซิ จำกัด|343 ถนนวัชรพล||แขวงท่าแร้ง|เขตบางเขน|กรุงเทพมหานคร|10220|Thailand||||
5101||บริษัท มิสเตอร์ ซูซิ จำกัด|586 ถนนสุขุมวิท||ตำบลเนินพระ|อำเภอเมืองระยอง|จังหวัดระยอง|21000|Thailand||||
5102||บริษัท มิราเคิล บางนา ฟู้ด จำกัด|21 ซอยประวิทย์และเพื่อน 5 ถนนสุขุมวิท||แขวงบางจาก|เขตพระโขนง|กรุงเทพมหานคร|10260|Thailand|02-748-9842||02-748-8506|
5102|1|กรุงเทพฯ|บริษัท มิสเตอร์ ซูซิ จำกัด 21 ซอยประวิทย์และเพื่อน|ถนนสุขุมวิท แขวงบางจาก||เขตพระโขนง|กรุงเทพมหานคร|10260|Thailand||||
5103||บริษัท แอมเพิล-พาราไดซ์ เอฟ แอนด์ บี จำกัด|59 ซอยหมู่บ้านเสรีวิลล่า แยก 2||แขวงหนองบอน|เขตประเวศ|กรุงเทพมหานคร|10250|Thailand|02-748-9842||02-399-1290|
5103|1|กรุงเทพฯ|บริษัท มิสเตอร์ ซูซิ จำกัด 21|ซอยประวิทย์และเพื่อน5 ถนนสุขุมวิท แขวงบางจาก||เขตพระโขนง|กรุงเทพมหานคร|10260|Thailand||||
5105||บริษัท ซอลส์ แอนด์ ชูการ์ จำกัด|152 ซอยสุขุมวิท 53(ไปดี-มาดี)||แขวงคลองตันเหนือ|เขตวัฒนา|กรุงเทพมหานคร|10110|Thailand|02-262-0879|||
5105|1|กรุงเทพฯ|Daiki Sushi Bar&Restaurant 152|ซอยสุขุมวิท 53(ไปดี-มาดี) แขวงคลองตันเหนือ||เขตวัฒนา|กรุงเทพมหานคร|10110|Thailand||||
5106||บริษัท เอ็ม. และ เจ. จำกัด|19/5-6 ซอยสุขุมวิท 19 (ซอยวัฒนา) ถนนสุขุมวิท||แขวงคลองเตยเหนือ|เขตวัฒนา|กรุงเทพมหานคร|10110|Thailand|02-255-2056-8||02-651-0379|
5106|1|กรุงเทพฯ|IZAKAYA HANAKO 19/5-6 ซอยสุขุมวิท 19 (ซอยวัฒนา)|ถนนสุขุมวิท แขวงคลองเตยเหนือ||เขตวัฒนา|กรุงเทพมหานคร|10110|Thailand||||
5110||บริษัท มากุโระ กรุ๊ป จำกัด|983 อาคารชิครีพับบลิค สาขาบางนา|ถนนบางนา-ตราด กิโลเมตร 4|แขวงบางนา|เขตบางนา|กรุงเทพมหานคร|10260|Thailand|062-556-6266|||
5110|1|MAGURO SUSHI - บางนา|MAGURO SUSHI 983 อาคารชิครีพับบลิค สาขาบางนา|ถนนบางนา-ตราด กิโลเมตร 4|แขวงบางนา|เขตบางนา|กรุงเทพมหานคร|10260|Thailand||||
5110|3|MAGURO SUSHI - พระราม3|MAGURO SUSHI 982 โครงการ Int Intersect Rama3|ชั้น 1 ถนนพระราม3|แขวงบางโพงพาง|เขตยานนาวา|กรุงเทพมหานคร||Thailand||||
5110|4|MAGURO SUSHI - ราชพฤกษ์|MAGURO SUSHI 6/15 หมู่ 2|โครงการ Chi Republic สาขาราชพฤกษ์ ช.1|ตำบลอ้อมเกร็ด|อำเภอปากเกร็ด|จังหวัดนนทบุรี||Thailand||||
5110|5|MAGURO SUSHI - แจ้งวัฒนะ|MAGURO SUSHI 5/48 หมู่ 3|โครงการ Health Land ถนนแจ้งวัฒนะ|ตำบลคลองเกลือ|อำเภอปากเกร็ด|จังหวัดนนทบุรี|11120|Thailand||||
5113||นางกฤตพร พิจารณ์|29/1 หมู่ 6||ตำบลลำลูกกา|อำเภอลำลูกกา|จังหวัดปทุมธานี|12150|Thailand|086-974-0623|||
5113|1|กรุงเทพฯ|991/1 อาคารศูนย์การค้าสยามพารากอน ถนนพระราม 1|แขวงปทุมวัน||เขตปทุมวัน|กรุงเทพมหานคร|10330|Thailand||||
5124||บริษัท โนบุซูซิ จำกัด|93 ห้องบี 209 ถนนสุขุมวิท 26||แขวงคลองตัน|เขตคลองเตย|กรุงเทพมหานคร|10110|Thailand|02-661-5011|||
5124|1|กรุงเทพฯ|NOBU SUSHI JAPANESE RESTAURANT|93 ห้องบี 209 ถนนสุขุมวิท 26 แขวงคลองตัน||เขตคลองเตย|กรุงเทพมหานคร|10110|Thailand||||
5125||บริษัท ข้าวปั้นเอโดะ จำกัด|999/4 อาคารE ห.F02E01000 ช 2|ถนนพระราม 9|แขวงสวนหลวง|เขตสวนหลวง|กรุงเทพมหานคร|10250|Thailand||||
5125|1|กรุงเทพฯ_เดอะไนน์พระราม9|Kabocha SuShi เดอะไนน์พระราม 9|999/4 ศูนย์การค้าเดอะไนน์พระราม 9 อ.E ช2 ห.E201|ซอยเสรี 2 ถนนพระราม 9|เขตสวนหลวง|กรุงเทพมหานคร|10250|Thailand|099-932-5258|||
5126||บริษัท ข้าวปั้นเอโดะ จำกัด|2 ซอยลาดพร้าว 19||แขวงจอมพล|เขตจตุจักร|กรุงเทพมหานคร|10900|Thailand|095-691-6586|||
5126|1|กรุงเทพฯ|Kabocha SuShi 2 ซอยลาดพร้าว 19 แขวงจอมพล|||เขตจตุจักร|กรุงเทพมหานคร|10900|Thailand||||
5126|2|กรุงเทพฯ_สาขาเดอะสตรีทรัชดา|Kabocha SuShi-เดอะสตรีทรัชดา|อ.ศูนย์การค้าเดอะสตรีทรัชดา ช. 4ถ.รัชดาภิเษก|แขวงดินแดง|เขตดินแดง|กรุงเทพมหานคร|10400|Thailand||||
5126|3|กรุงเทพฯ_สาขาพระราม2|Kabocha SuShi (สาขาพระราม2) โครงการเดอะไบรท์|ถนนพระราม 2|แขวงบางมด|เขตจอมทอง|กรุงเทพมหานคร|10150|Thailand||||
5126|4|กรุงเทพฯ_โฮมโปรพระราม3|Kabocha SuShi สาขาโฮมโปรพระราม 3|295 อาคารโฮมโปรพระราม3 ช.1 ถ.พระราม3|แขวงบางคอแหลม|เขตบางคอแหลม|กรุงเทพมหานคร|10120|Thailand|099-619-1002|||
5126|6|Kabocha SuShi-เซ็นทรัลบางนา|Kabocha SuShi-เซ็นทรัลบางนา 589|อ.ซ็นทรัลบางนา ห. B05 ช. 15 ถ.บางนาตราด|แขวงบางนา|เขตบางนา|กรุงเทพมหานคร||Thailand||||
5126|7|Kabocha SuShi โครงการ JAS Urban Srinakarin|Kabocha SuShi ม.5 โครงการ JAS Urban Srinakarin|ชั้น 2(ฝั่งโรงหนัง) ถนนศรีนครินทร์|ตำบลสำโรงเหนือ|อำเภอเมืองสมุทรปราการ|จังหวัดสมุทรปราการ|10270|Thailand||||
5126|8|Kabocha SuShi สาขาโฮมโปรพระราม 9|Kabocha SuShi-โฮมโปรพระราม 9|903 อาคารโฮมโปรพระราม 9 ช. 1 ถนนพระราม 9|แขวงสวนหลวง|เขตสวนหลวง|กรุงเทพมหานคร|10120|Thailand||||
5128||บริษัท ซัคเซสพลัส-พระราม 3 เอฟ แอนด์ บี จำกัด|662/13 ถนนพระราม 3||แขวงบางโพงพาง|เขตยานนาวา|กรุงเทพมหานคร|10120|Thailand|02-742-6259|||
5128|1|กรุงเทพฯ|บริษัท มิสเตอร์ ซูชิ จำกัด 21|ซอยประวิทย์และเพื่อน 5 ถนนสุขุมวิท แขวงบางจาก||เขตพระโขนง|กรุงเทพมหานคร|10260|Thailand||||
5129||บริษัท ข้าวปั้น จำกัด|25/2 ซอยศาลาแดง 1||แขวงสีลม|เขตบางรัก|กรุงเทพมหานคร|10500|Thailand|02-636-3342|||
5129|1|กรุงเทพฯ|Seiryu Sushi 25/2 ซ.ศาลาแดง1 แขวงสีลม ถนนศาลาแดง|||เขตบางรัก|กรุงเทพมหานคร|10500|Thailand||||
5130||บริษัท สยามสมุทร วาริน จำกัด|275/1 ถนนประชาอุทิศ||แขวงทุ่งครุ|เขตทุ่งครุ|กรุงเทพมหานคร|10140|Thailand||||
5130|2|บริษัท สยามสมุทร วาริน จำกัด|บริษัท สยามสมุทร วาริน จำกัด|275/1 ถนนประชาอุทิศ|แขวงทุ่งครุ|เขตทุ่งครุ|กรุงเทพมหานคร|10140|Thailand||||
5134||บริษัท กินชาริ จำกัด|71/2-3 ซ.พหลโยธิน 7 ถนนพหลโยธิน||แขวงสามเสนใน|เขตพญาไท|กรุงเทพมหานคร|10400|Thailand||||
5134|1|กรุงเทพฯ|SHINSEI SUSHI 71/2-3 ซ.พหลโยธิน 7|ถนนพหลโยธิน แขวงสามเสนใน||เขตพญาไท|กรุงเทพมหานคร|10400|Thailand||||
5140||บริษัท ที.เค.เอ็นจิเนียริ่ง แพลน จำกัด|200/173 ซอยแจ้งวัฒนะ10 แยก1-1-4||แขวงทุ่งสองห้อง|เขตหลักสี่|กรุงเทพมหานคร|10210|Thailand||||
5140|1|กรุงเทพฯ|(ติดต่อ 8053 คุณเอ) บจก.ล็อกซเล่ย์(มหาชน)|102 อาคารล็อกซเล่ย์ ชั้น 12|ถนน ณ ระนอง แขวงคลองเตย|เขตคลองเตย|กรุงเทพมหานคร|10110|Thailand||||
5145||บริษัท ซานนินบาร์ แอนด์ เรสเตอรองท์ จำกัด|98 อาคารสาทรสแควร์ออฟฟิตทาวเวอร์|ห้องM-01ชั้น1M ถนนสาทรเหนือ|แขวงสีลม|เขตบางรัก|กรุงเทพมหานคร|10500|Thailand|092-424-4040|||
5145|1|กรุงเทพฯ|SuShi Mori 98 อ.สาทรสแควร์ออฟฟิตทาวเวอร์|ห้องที่M-01ชั้นที่1M ถนนสาทรเหนือ|แขวงสีลม|เขตบางรัก|กรุงเทพมหานคร|10500|Thailand|092-424-4040|||
5147||บริษัท ซากานายะ จำกัด|1420/1 อาคารอี ชั้น 1 ห้องเลขที่ 102,102/1|ซอยลาดพร้าว 87 (จันทราสุข)|แขวงคลองจั่น|เขตบางกะปิ|กรุงเทพมหานคร|10240|Thailand|081-651-1559|||
5147|1|กรุงเทพฯ|AIKO SUSHI 1420/1 อาคารอี ชั้น 1 เลขที่ 102,102/1|ซอยลาดพร้าว 87 (จันทราสุข) แขวงคลองจั่น||เขตบางกะปิ|กรุงเทพมหานคร|10240|Thailand||||
5150||บริษัท ซิมิรัน ฟู้ด โปรดักส์ จำกัด|21/33 ซอยวิภาวดีรังสิต 33 แยก 5| ถนนวิภาวดีรังสิต|แขวงสนามบิน|เขตดอนเมือง|กรุงเทพมหานคร|10210|Thailand|02-536-2996-7|||
5150|1|กรุงเทพฯ|SIMIRAN FOOD PRODUCTS 21/33 ซ.วิภาวดีรังสิต33แยก5|ถนนวิภาวดี|แขวงสนามบิน|เขตดอนเมือง|กรุงเทพมหานคร|10210|Thailand|02-536-29967|||
5153||บริษัท โจชิซึ ซูซิ จำกัด|20/2 ซอยพาสนา 1 ถนนเอกมัย||แขวงพระโขนงเหนือ|เขตวัฒนา|กรุงเทพมหานคร|10260|Thailand|02-714-3984||02-714-1551|
5153|1|กรุงเทพฯ|JOUSHITSU SUSHI 20/2 ซอยพาสนา 1|ถนนเอกมัย แขวงพระโขนงเหนือ||เขตวัฒนา|กรุงเทพมหานคร|10260|Thailand||||
5154||บริษัท โนบุเจแปนนิสเรสเตอรองส์ จำกัด|414 ซอยสุขุมวิท 55 ถนนสุขุมวิท||แขวงคลองตันเหนือ|เขตวัฒนา|กรุงเทพมหานคร|10110|Thailand|02-392-5297|||
5154|1|กรุงเทพฯ|NOBU SUSHI (สาขาทองหล่อ) 414 ซอยสุขุมวิท 55|ถนนสุขุมวิท|แขวงคลองตันเหนือ|เขตวัฒนา|กรุงเทพมหานคร|10110|Thailand|02-392-5297|||
5157||บริษัท โทคูโจ ฟู้ด จำกัด|1050/2-3 ซอยเจริญสุข||แขวงคลองเตย|เขตคลองเตย|กรุงเทพมหานคร|10110|Thailand||||
5157|1|กรุงเทพฯ|1050/2-3 ซอยเจริญสุข ถนนสุขุมวิท|แขวงคลองเตย||เขตคลองเตย|กรุงเทพมหานคร|10110|Thailand|02-258-8945|||
5158||บริษัท โมริทากะ ฟู้ดส์ จำกัด|225/11 ซอยสุขุมวิท 63 (เอกมัย)||แขวงคลองตันเหนือ|เขตวัฒนา|กรุงเทพมหานคร|10110|Thailand||||
5158|1|กรุงเทพฯ|YAKINIKU TAN 786/289 อาคารทองหล่อทาวเวอร์ อาคารA|ซอยทองหล่อ 18 ถนนสุขุมวิท แขวงคลองตันเหนือ||เขตวัฒนา|กรุงเทพมหานคร|10110|Thailand||091-772-4651, 02-661-2282||
5163||บริษัท เสวยทิพย์ จำกัด|85 ชั้น 2 ห้อง R205|โครงการนิฮอนมูระมอลล์ ซอยอรรคพัฒน์|แขวงคลองตันเหนือ|เขตวัฒนา|กรุงเทพมหานคร|10110|Thailand|091-021-8985|||
5163|1|กรุงเทพฯ|SUSHI SHIN 85 ชั้น2 ห้องR205 โครงการนิฮอนมูระมอลล์|ซอยอรรคพัฒน์ แขวงคลองตันเหนือ||เขตวัฒนา|กรุงเทพมหานคร|10110|Thailand||||
5168||บริษัท แมคเคนนาแลนด์ จำกัด|117/39-40 ถนนพญาไท||แขวงถนนเพชรบุรี|เขตราชเทวี|กรุงเทพมหานคร|10400|Thailand|02-309-3839||02-309-3838|
5168|1|กรุงเทพฯ|VIE HOTEL (Yellow Tail SuShi Bar)117/39-40|อาคาร YTSB ชั้น 4 ถนนพญาไท|แขวงถนนเพชรบุรี|เขตราชเทวี|กรุงเทพมหานคร|10400|Thailand|02-309-3839||02-309-3838|
5170||บริษัท ก.เกมส์ตกกุ้ง จำกัด|1669/9 ถนนเพชรบุรีตัดใหม่||แขวงบางกะปิ|เขตห้วยขวาง|กรุงเทพมหานคร|10310|Thailand||||
5170|1|กรุงเทพฯ_Real Ichi|Real Ichi Yakiniku & SuShi 1669/9|ถนนเพชรบุรีตัดใหม่ แขวงบางกะปิ||เขตห้วยขวาง|กรุงเทพมหานคร|10310|Thailand||||
5173||บริษัท ยามาโกย่า (ไทยแลนด์) จำกัด|98-102 อาคารปานะวงศ์ ชั้น 1 ถนนสุรวงศ์||แขวงสี่พระยา|เขตบางรัก|กรุงเทพมหานคร|10500|Thailand|02-637-0593-4|||
5174||บริษัท มิทาโนะ ครีเอท (ประเทศไทย) จำกัด|เลขที่115 โรงแรมซัมเมอร์เซ็ท สุขุมวิท ทองหล่อ|ซอยสุขุมวิท 55(ทองหล่อ) ถนนสุขุมวิท|แขวงคลองตันเหนือ|เขตวัฒนา|กรุงเทพมหานคร|10110|Thailand|02-712-5884|||
5174|1|กรุงเทพฯ|Mekiki No Ginji (สาขาทองหล่อ)|โรงแรมซัมเมอร์เซ็ท ทองหล่อ 115 ซอยสุขุมวิท 55|ถนนสุขุมวิท แขวงคลองตันเหนือ|เขตวัฒนา|กรุงเทพมหานคร|10110|Thailand|02-712-5884|||
5176||บริษัท คอนนิจิวะ เอ็ม จำกัด|929 ถนนสุขุมวิท||แขวงคลองตันเหนือ|เขตวัฒนา|กรุงเทพมหานคร||Thailand|02-662-4311|||
5179||บริษัท มันช์มาสต้า จำกัด|35/7 ซอยยมราช ถนนศาลาแดง||แขวงสีลม|เขตบางรัก|กรุงเทพมหานคร|10500|Thailand|090-565-6526|||
5179|1|กรุงเทพฯ_FATBOY SUSHI|(FATBOY SUSHI) 35/7 ซอยยมราช ถนนศาลาแดง แขวงสีลม|||เขตบางรัก|กรุงเทพมหานคร||Thailand||||
5180||บริษัท ชินโซโคะ ซูซิ จำกัด|12/70-72 ซอยอรรถกะวี 1|ถนนสุขุมวิท 26|แขวงคลองตัน|เขตคลองเตย|กรุงเทพมหานคร|10110|Thailand|02-074-4419|||
5180|1|กรุงเทพฯ|Shinsoko Sushi 12/70-72 ซอยอรรถกระวี1|ถนนสุขุมวิท 26 แขวงคลองตัน||เขตคลองเตย|กรุงเทพมหานคร|10500|Thailand|097-078-5257||02-704-4419|
5182||นาย วัชระ โชติชุติมา|630 ถนนสุทธิสาร||แขวงดินแดง|เขตดินแดง|กรุงเทพมหานคร||Thailand|088-959-6910|||
5182|1|กรุงเทพฯ|ร้าน YOKI SUSHI & JAPANESE FUSION|29-29/1 โครงการดีเวฟเวอรี่ ซ.สุขุมวิท 101/1|ถนนสุขุมวิท แขวงบางจาก|เขตพระโขนง|กรุงเทพมหานคร|10260|Thailand||||
5187||บริษัท ข้าวปั้น 2558 จำกัด|98/456 อ.ดิแอดเดรส สาทร ชั้น 31|ซอยศึกษาวิทยา ถนนสาทรเหนือ|แขวงสีลม|เขตบางรัก|กรุงเทพมหานคร|10500|Thailand|02-636-3442|||
5187|1|กรุงเทพฯ_ถ.ประดิษฐ์มนูธรรม|Seiryu Sushi สาขาเซ็นทรัลเฟสติวัล ช1 ห.112/112 T|69,69/1,69/2  ถนนประดิษฐ์มนูธรรม|แขวงลาดพร้าว|เขตลาดพร้าว|กรุงเทพมหานคร|10230|Thailand|02-042-3335-6|||
5187|2|กรุงเทพฯ_The Mercury Ville|Seiryu SuShi (The Mercury Ville) 540|เดอะเมอร์คิวรี่ วิลล์ ชั้น 2 ถนนเพลินจิต|แขวงลุมพินี|เขตปทุมวัน|กรุงเทพมหานคร|10330|Thailand||||
5188||บริษัท ข้าวปั้น 2558 จำกัด|540 อาคารเมอร์คิวรี่ทาวเวอร์ ถนนเพลินจิต||แขวงลุมพินี|เขตปทุมวัน|กรุงเทพมหานคร|10330|Thailand||||
5188|2|บริษัท ข้าวปั้น 2558 จำกัด|SEIRYU SUSHI|540 อาคารเมอร์คิวรี่ทาวเวอร์ ถนนเพลินจิต|แขวงลุมพินี|เขตปทุมวัน|กรุงเทพมหานคร|10330|Thailand||||
5189||บริษัท ข้าวปั้น 2558 จำกัด|69 อ.ศูนย์การค้าเซ็นทรัลเฟสติวัลอีสต์วิลล์|ห้อง112, 112T ชั้น 1 ถ.ประดิษฐ์มนูธรรม|แขวงลาดพร้าว|เขตลาดพร้าว|กรุงเทพมหานคร|10230|Thailand||||
5189|2|Seiryu SuSh-เซ็นทรัลเฟสติวัลอีสต์วิลล์|Seiryu SuShi 69 อ.เซ็นทรัลเฟสติวัลอีสต์วิลล์|ห.112,112T ช.1 ถ.ประดิษฐ์มนูธรรม|แขวงลาดพร้าว|เขตลาดพร้าว|กรุงเทพมหานคร|10230|Thailand||||
5190||บริษัท โมดิเอเตอร์ จำกัด|167 ซอยพระรามเก้า 49 (ถนนเสรี 6)||แขวงสวนหลวง|เขตสวนหลวง|กรุงเทพมหานคร|10250|Thailand|098-954-1546|||
5190|1|กรุงเทพฯ-สาขาสวนหลวง|HOSHI JAPANESE RESTAURANT|167 ซอยพระรามเก้า 49(ถนนเสรี6)|แขวงสวนหลวง|เขตสวนหลวง|กรุงเทพมหานคร|10250|Thailand|02-718-2727|||
5190|2|กรุงเทพฯ_สาขาบางนา|HOSHI SUSHI (สาขาบางนา) 995 ซอยบางนา-ตราด29|ถนนบางนา-ตราด|แขวงบางนา|เขตบางนา|กรุงเทพมหานคร|10260|Thailand|063-891-9555|||
5190|4|กรุงเทพฯ - โครงการ Reverside|HOSHI SUSHI-โครงการ Reverside|257/6 ช.2 ห.202-203 ถ.เจริญนคร|แขวงสำเหร่|เขตธนบุรี|กรุงเทพมหานคร|10600|Thailand||||
5195||บริษัท ลิน ทูน่า อินเตอร์เทรด จำกัด|1473/9 ถนนพัฒนาการ||แขวงสวนหลวง|เขตสวนหลวง|กรุงเทพมหานคร|10250|Thailand|02-319-2230||02-319-2214|
5195|1|กรุงเทพฯ|Lin Tuna Intertrade Co.,Ltd 1473/9|ซ.พัฒนาการ31/1แยก2 ถนนพัฒนาการ แขวงสวนหลวง||เขตสวนหลวง|กรุงเทพมหานคร|10250|Thailand|02-319-2120||02-319-2214|
5196||น.ส.สาริณี จูจันทร์|52/300-4 หมู่ 7||ตำบลหลักหก|อำเภอเมืองปทุมธานี|จังหวัดปทุมธานี|12000|Thailand|081-446-4490|||
5196|1|ปทุมธานี|UMINARI JAPENESE FOOD 52/300-4 หมู่ 7|ตำบลหลักหก||อำเภอเมืองปทุมธานี|จังหวัดปทุมธานี|12000|Thailand||||
5199||บริษัท แฮปปี้มิลเลี่ยน จำกัด|148 ซ.สุขุมวิท 55 (ทองหล่อ)||แขวงคลองตันเหนือ|เขตวัฒนา|กรุงเทพมหานคร|10110|Thailand|063-175-1599|||
5199|1|กรุงเทพฯ|SenDo SuShi โครงการ Maze ThongLor ชั้น2 ห้องL2-03|148 ซ.สุขุมวิท 55 (ทองหล่อ4)|แขวงคลองตันเหนือ|เขตวัฒนา|กรุงเทพมหานคร|10110|Thailand|063-175-1599|||
5201||บริษัท ซาบิ วาบิ คูซีน จำกัด|27/1 ซอยสุขุมวิท 33 ถนนสุขุมวิท||แขวงคลองตันเหนือ|เขตวัฒนา|กรุงเทพมหานคร|10110|Thailand|02-258-2437|||
5201|1|กรุงเทพฯ|WAZA SUSHI 27/1 โครงการ @27/1 ซอยสุขุมวิท 33|ถนนสุขุมวิท แขวงคลองตันเหนือ||เขตวัฒนา|กรุงเทพมหานคร|10110|Thailand|02-258-2437|||
5224||บริษัท โอซันเคียวได จำกัด|942/43 อาคารชาญอิสสระทาวเวอร์|ชั้นจี ถนนพระรามที่ 4|แขวงสุริยวงศ์|เขตบางรัก|กรุงเทพมหานคร|10500|Thailand|02-632-6660|||
5224|1|กรุงเทพฯ|MIZU SUSHI 942/43 อาคารชาญอิสสระทาวเวอร์|ชั้นจี ถนนพระรามที่ 4 แขวงสุริยวงศ์||เขตบางรัก|กรุงเทพมหานคร|10500|Thailand|02-632-6660|||
5227||นายเจตั้น เศรษฐีสุวรรณ|154 ซอยสุขุมวิท 55||แขวงคลองตันเหนือ|เขตวัฒนา|กรุงเทพมหานคร|10110|Thailand|096-787-9688|||
5227|1|กรุงเทพฯ|Tendo Sushi 154 ซอยสุขุมวิท 55 ชั้น1 ห้องC|แขวงคลองตันเหนือ||เขตวัฒนา|กรุงเทพมหานคร|10110|Thailand||||
5230||บริษัท เอ็ม บี เค โฮเต็ล แอนด์ รีสอร์ท จำกัด|155 หมู่ 2||ตำบลหนองทะเล|อำเภอเมืองกระบี่|จังหวัดกระบี่|81000|Thailand|075-628-000||075-628-058|
5230|1|กระบี่|โรงแรม ดุสิตธานี กระบี่ บีช รีสอร์ท 155 หมู่ 2|ตำบลหนองทะเล||อำเภอเมืองกระบี่|จังหวัดกระบี่|81000|Thailand|075-628-000||075-628-058|
5236||น.ส.สมพิศ ไชยโย|41/1 หมู่ 3||ตำบลสองคอน|อำเภอแก่งคอย|จังหวัดสระบุรี||Thailand|094-405-7499|||
5236|1|กรุงเทพฯ|บริษัท ไลออนเซิร์ฟ จำกัด 391 ซอยพระราม 9/13|ถนนพระราม 9 แขวงบางกะปิ||เขตห้วยขวาง|กรุงเทพมหานคร|10310|Thailand||||
5237||นายณัฐพนธ์ ยั่งยืน|12 ซอยรามอินทรา 31 ถนนรามอินทรา||แขวงอนุสาวรีย์|เขตบางเขน|กรุงเทพมหานคร|10220|Thailand|089-511-6025|||
5237|1|กรุงเทพฯ|SUZURAN SUSHI 12 ซอยรามอินทรา 31|ถนนรามอินทรา|แขวงอนุเสาวรีย์|เขตบางเขน|กรุงเทพมหานคร|10220|Thailand|089-511-6025|||
5238||นายจิตตินันท์ หงษ์ทอง|139/163 หมู่ 1 หมู่บ้านปราถนาคันทรีโฮม|ถนนรังสิต-นครนายก|ตำบลรังสิต|อำเภอธัญบุรี|จังหวัดปทุมธานี|12110|Thailand|081-374-3434|||
5242||บริษัท ซูซูรัน ซูซิ จำกัด|514/18 ซอยรามคำแหง 39 (เทพลีลา 1) ถนนรามคำแหง||แขวงวังทองหลาง|เขตวังทองหลาง|กรุงเทพมหานคร|10310|Thailand|02-158-2510|||
5242|1|Suzurun Sushi|(ร้านเปิด 16.00น.)Suzurun Sushi 514/18|อาคารรีเจ้นท์รัชดา ซอยรามคำแหง 39 (เทพลีลา 1)|ถนนรามคำแหง แขวงวังทองหลาง|เขตวังทองหลาง|กรุงเทพมหานคร|10310|Thailand||||
5242|3|Zusran Sushi (สาขาตลาดหัวมุม)|(ร้านเปิด 16.00น.)Zusran Sushi (สาขาตลาดหัวมุม)|678 ล็อค5,6,7 ถนนประเสริฐมนูกิจ แขวงลาดพร้าว||เขตลาดพร้าว|กรุงเทพมหานคร|10230|Thailand|081-702-7084|||
5242|4|Suzurun Sushi|197 ถนนลาดปลาเค้า||แขวงจรเข้บัว|เขตลาดพร้าว|กรุงเทพมหานคร|10230|Thailand||||
5243||นายสรัญนพ เทพหัสดิน ณ อยุธยา|14 ซ.รามคำแหง118 แยก 27||แขวงสะพานสูง|เขตสะพานสูง|กรุงเทพมหานคร|10240|Thailand||||
5243|2|กรุงเทพฯ- เขตดุสิต|Midori Sushi (ราชตฤณมัยสมาคม) 183|ถนนพิษณูโลก|แขวงดุสิต|เขตดุสิต|กรุงเทพมหานคร|10300|Thailand|099-2893655|||
5251||บริษัท นาราไทย คูซีน จำกัด|4,4/1-2,4/4 อาคารศูนย์การค้าเซ็นทรัลเวิลด|ชั้น7 ถนนราชดำริห์|แขวงปทุมวัน|เขตปทุมวัน|กรุงเทพมหานคร|10330|Thailand|02-652-0816|||
5259||บริษัท ยูกันนะ (ประเทศไทย) จำกัด|25/59 ซอยรามคำแหง 124||แขวงสะพานสูง|เขตสะพานสูง|กรุงเทพมหานคร|10240|Thailand|099-554-5624|||
5259|1|YUKANNA Restaurant|YUKANNA Restaurant ม 5 โครงการJas Urban Srinakarin|ห้องA106 ถ.ศรีนครินทร์| ตำบลสำโรงเหนือ|อำเภอเมืองสมุทรปราการ|จังหวัดสมุทรปราการ|10270|Thailand|099-554-5624|||
5260||บริษัท เชดโดะ เจแปนนิส เรสเตอร์รอง จำกัด|58 หมู่ 8 ตำบลบางตลาด|||อำเภอปากเกร็ด|จังหวัดนนทบุรี|11120|Thailand|064-159-3969|||
5260|1|บริษัท เชดโดะ เจแปนนิส เรสเตอร์รอง จำกัด|บริษัท เชดโดะ เจแปนนิส เรสเตอร์รอง จำกัด|58 หมู่ 8 ถนนเลียบคลองประปา| ตำบลบางตลาด|อำเภอปากเกร็ด|จังหวัดนนทบุรี|11120|Thailand||||
5261||บริษัท บราเธอร์ คูซีน จำกัด|305/13 ซอยสุขมวิท 31(สวัสดี) แขวงคลองตันเหนือ|||เขตวัฒนา|กรุงเทพมหานคร|10110|Thailand|02-662-1179|||
5261|1|MEAT BAR 31 โครงการ EI Patio|MEAT BAR 31 โครงการ EI Patio|305/13 ซอยสุขมวิท 31(สวัสดี)|แขวงคลองตันเหนือ|เขตวัฒนา|กรุงเทพมหานคร|10110|Thailand||||
5267||บริษัท เม็มเบอร์ชิป จำกัด|419/2 อ.เชษฐโชติศักดิ์ 2 ช.6 ซ.ลาดพร้าว15|ถนนลาดพร้าว|แขวงจอมพล|เขตจตุจักร|กรุงเทพมหานคร|10900|Thailand||||
5267|2|กรุงเทพฯ_ถนนสุขุมวิท|Lucky Fish โครงการ 72 คอร์ทยาร์ด 1 ชั้น1|ซอยสุขุมวิท 55(ทองหล่อ) ถนนสุขุวิท|แขวงคลองตัน|เขตคลองตันเหนือ|กรุงเทพมหานคร|10110|Thailand||||
5270||บริษัท โอเคเอ็ม ฟอร์เวิร์ด จำกัด|99/97 หมู่ที่ 1 ตำบลบางขุนกอง|||อำเภอบางกรวย|จังหวัดนนทบุรี|11130|Thailand|091-249-8448|||
5270|2|OKAMI SUSHI JAPANESE Restaurant|OKAMI SUSHI JAPANESE Restaurant|99/97 หมู่ที่ 1 ตำบลบางขุนกอง||อำเภอบางกรวย|จังหวัดนนทบุรี|11130|Thailand||||
5272||บริษัท ซูปพีเรีย ฟู้ด จำกัด|48/66 ซอยสุขาภิบาล 5 ซอย 27||แขวงท่าแร้ง|เขตบางเขน|กรุงเทพมหานคร|10220|Thailand||||
5272|2|ZURU|ZURU 48/66 ซอยสุขาภิบาล 5|ซอย 27 แขวงท่าแร้ง||เขตบางเขน|กรุงเทพมหานคร|10220|Thailand||||
5277||บริษัท โกฮัง เจแปนนิส เรสเตอรองต์ จำกัด|69 ศูนย์การค้าเซ็นทรัล เฟสติวัล อีสต์วิวล์|ห้อง K105,106 ถนนประดิษฐ์มนูธรรม|แขวงลาดพร้าว|เขตลาดพร้าว|กรุงเทพมหานคร|10230|Thailand|02-102-5259|||
5277|2|GOHAN Japanese Restaurant|GOHAN Japanese Restaurant|69 ศูนย์การค้าเซ็นทรัล เฟสติวัล อีสต์วิวล์|ห้อง K105,106 ถนนประดิษฐ์มนูธรรม แขวงลาดพร้าว|เขตลาดพร้าว|กรุงเทพมหานคร|10230|Thailand||||
5278||บริษัท อากาศ บิสโทร แอนด์ บาร์ จำกัด|30 ถนนเย็นอากาศ แขวงทุ่งมหาเมฆ|||เขตสาทร|กรุงเทพมหานคร|10120|Thailand|02-249-0182|||
5278|2|AKART BISTRO&BAR|AKART BISTRO&BAR|30 ถนนเย็นอากาศ|แขวงทุ่งมหาเมฆ|เขตสาทร|กรุงเทพมหานคร|10120|Thailand||||
5289||บริษัท ลันตา แลนด์ ดีเวลลอปเม้นท์ จำกัด|272 หมู่ที่ 3 ตำบลศาลาด่าน|||อำเภอเกาะลันตา|จังหวัดกระบี่|81150|Thailand|075-607-100#6202||075-684-019|
5289|2|LAYANA RESORT & SPA|LAYANA RESORT & SPA|272 หมู่ที่ 3  ตำบลศาลาด่าน||อำเภอเกาะลันตา|จังหวัดกระบี่|81150|Thailand||||
5293||บริษัท เจวี เรสโท จำกัด|769/2 ห้องC3 โครงการ Little Walk|ถนนบางนา-ตราด|แขวงบางนา|เขตบางนา|กรุงเทพมหานคร|10260|Thailand|089-620-8888|||
5293|2|SHOYUU JAPANESE RESTARANT|SHOYUU JAPANESE RESTARANT|769/2 โครงการ Little Walk|ถนนบางนา-ตราด แขวงบางนา|เขตบางนา|กรุงเทพมหานคร|10150|Thailand||||
5299||น.ส.ณัฐจารี เบ็ดกิจ|287/289 ซ.สาธุประดิษฐ์ 58 แขวงบางโพงพาง|||เขตยานนาวา|กรุงเทพมหานคร|10120|Thailand|083-082-6459|||
5299|2|โครงการ Trio Avenue|โครงการ Trio Avenue|170/13 ถนนพุทธมณฑลสาย 3|แขวงบางไผ่|เขตบางแค|กรุงเทพมหานคร|10160|Thailand||||
5537||บริษัท ชุนกะ จำกัด|303 ถนนพัฒนาการ61||แขวงประเวศ|เขตประเวศ|กรุงเทพมหานคร|10250|Thailand|02-722-0884||02-722-1107|
5537|2|Honmono Sushi Janpanese Restaurant|Honmono Sushi Janpanese Restaurant|303 ถนนพัฒนาการ 61|แขวงประเวศ|เขตประเวศ|กรุงเทพมหานคร|10250|Thailand||||
5542||บริษัท จีราฟุ จำกัด|655 ถนนลาดพร้าว||แขวงจอมพล|เขตจตุจักร|กรุงเทพมหานคร|10900|Thailand||||
5542|2|บริษัท จีราฟุ จำกัด|Jirafu Sushi & beef bar|655 ถนนลาดพร้าว|แขวงจอมพล|เขตจตุจักร|กรุงเทพมหานคร|10900|Thailand||||
6427||นายกองเพชร  สันติสุภาพร|387/7 ถนนมหาพฤฒาราม||แขวงมหาพฤฒาราม|เขตบางรัก|กรุงเทพมหานคร|10900|Thailand|063-982-2468|||
6427|2|Kaminari Sushi|Kaminari Sushi|103/3 ซอยงามดูพลี ถนนเย็นอากาศ|แขวงทุ่งมหาเมฆ|เขตสาทร|กรุงเทพมหานคร|10120|Thailand||||
6428||บริษัท ชิชิ ซูชิ จำกัด|96/12  ถนนราชพฤกษ์||แขวงบางระมาด|เขตตลิ่งชัน|กรุงเทพมหานคร|10170|Thailand|02-408-7777|||
6428|2|Shichi Japanese Restaurant|Shichi Japanese Restaurant|96/12 โครงการปลาอยู่เย็น ถนนราชพฤกษ์|แขวงบางระมาด|เขตตลิ่งชัน|กรุงเทพมหานคร|10170|Thailand|02-408-7777|||
6429||บริษัท แฟต บอย แอนด์ โค จำกัด|460 ซอยสุคนธสวัสดิ์ ถนนสุคนธสวัสดิ์||แขวงลาดพร้าว|เขตลาดพร้าว|กรุงเทพมหานคร|10230|Thailand|094-096-5902||02-578-8268|
6429|2|Monster Beef|Monster Beef(ส่งสินค้าตั้งแต่บ่าย2โมงUp)|460 ซอยสุคนธสวัสดิ์30 ถนนสุคนธสวัสดิ์||เขตลาดพร้าว|กรุงเทพมหานคร||Thailand||||
6430||บริษัท บลูโอเชี่ยนซูชิ จำกัด|39  หมู่6 อาคารเมกาบางนา ห้องเลขที่1120| ชั้น1 ถนนบางนา-ตราด กม.8|ตำบลบางแก้ว|อำเภอบางพลี|จังหวัดสมุทรปราการ|10540|Thailand|02-105-1277|||
6430|2|Blue Ocean SuShi|Blue Ocean SuShi|39  หมู่6 ศูนย์การค้าเมกาบางนา ห้องเลขที่1120ชั้น1|ถนนบางนา-ตราด กม.8 ตำบลบางแก้ว|อำเภอบางพลี|จังหวัดสมุทรปราการ|10540|Thailand||||
6725||บริษัท บานโคกุ จำกัด|69 ซอยรุ่งเรือง ถนนสุทธิสารวินิจฉัย||แขวงสามเสนนอก|เขตห้วยขวาง|กรุงเทพมหานคร|10310|Thailand|02-652-9979-80|||
6725|2|BANKOKU|BANKOKU|69 ซอยรุ่งเรือง ถนนสุทธิสารวินิจฉัย|แขวงสามเสนนอก|เขตห้วยขวาง|กรุงเทพมหานคร|10310|Thailand||||
7091||บริษัท โกลเด้น เวิคส์ จำกัด|95|ซอย สุขุมวิท 26|แขวงคลองตัน|เขตคลองเตย|กรุงเทพมหานคร|10110|Thailand|02-661-3840|||
7091|2|MEKIKI NO GINJI - สาขา K-Village|MEKIKI NO GINJI 95| 95 อาคาร K-Village ซอย สุขุมวิท26|แขวงคลองตัน|เขตคลองเตย|กรุงเทพมหานคร||Thailand||||
7389||บริษัท โกฮัง เจแปนนิส เรสเตอรองต์ จำกัด|587, 589 ศูนย์การค้าพรอมานาด ห. 3026|ถนนรามอินทรา|แขวงคันนายาว|เขตคันนายาว|กรุงเทพมหานคร|10230|Thailand||||
7389|2|กรุงเทพฯ_ถนนรามอินทรา|Gohan Japannese retaurant|587, 589 ศูนย์การค้าพรอมานาด ห.3026 ถ.รามอินทรา|แขวงคันนายาว|เขตคันนายาว|กรุงเทพมหานคร|10230|Thailand||||
7443||นายธฤษณ ครรชิตานุรักษ์|169/325|ถนนกาญจนาภิเษก|แขวงดอกไม้|เขตประเวศ|กรุงเทพมหานคร|10250|Thailand|092-375-1937|||
7443|2|กรุงเทพฯ_ถนนสุขุมวิท|(ส่งตั้งแต่ 4 โมงเย็นเป็นต้นไป)|Kuma mojo sushi 763/7 ซ.สุขุมวิท 103(อุดมสุข49-51)|ถ.สุขุมวิท(อุดุมสุข) แขวงบางจาก|เขตพระโขนง|กรุงเทพมหานคร|10260|Thailand||||
7446||บริษัท ซิมิรัน ฟู้ด โปรดักส์|21/33 ซอยวิภาวดีรังสิต33 แยก5||แขวง สนามบิน|เขตดอนเมือง|กรุงเทพมหานคร|10210|Thailand|025362996|||
7473||บริษัท โทระ แฟมิลี่ กรุ๊ป จำกัด|6 ซอยติวานนท์ 27 แยก 7||แขวงบางกระสอ|อำเภอเมืองนนทบุรี|จังหวัดนนทบุรี|11000|Thailand|02-9502295|||
7473|2|บางกระสอ|TORA SUSHI|6 ซอยติวานนท์ 27แยก7|แขวงบางกระสอ|อำเภอเมืองนนทบุรี|จังหวัดนนทบุรี|11000|Thailand|02-9502295|||
7980||น.ส มัญชรี  รุ่งวัฒนภักดิ์|272/26 ซอยลาดพร้าว122(มหาดไทย1)||แขวงพลับพลา|เขตวังทองหลาง|กรุงเทพมหานคร|10310|Thailand|02-2646464#1556|||
7980|2|น.ส มัญชรี  รุ่งวัฒนภักดิ์|Nama SuShi Bar|3 ซอยมหาดเล็กหลวง 3 ถนนราชดำริ|แขวงลุมพินี|เขตปทุมวัน|กรุงเทพมหานคร|10330|Thailand|02-2646464 # 1556|||
8063||บริษัท ยู แอนด์  เฟรนส์ จำกัด|1144/18-19 ถนนพัฒนาการ30||แขวงสวนหลวง|เขตสวนหลวง|กรุงเทพมหานคร|10250|Thailand|02-369-3940 - 5 # 1|||
8063|2|บริษัท ยู แอนด์  เฟรนส์ จำกัด|Yuu Restaurant|1144/18-19 ถนนพัฒนาการ30|แขวงสวนหลวง|เขตสวนหลวง|กรุงเทพมหานคร|10250|Thailand|08-3693940-5|||
8139||บริษัท โทระ แฟมิลี่ กรุ๊ป จำกัด   (สาขาราชพฤกษ์)|143 หมู่ที่4||ตำบลบางกร่าง|อำเภอเมืองนนทบุรี|จังหวัดนนทบุรี|11000|Thailand|093-6626552|||
8139|2|สาขาราชพฤกษ์|TORA SUSHI (สาขาราชพฤกษ์)|143 หมู่ 4|ตำบลบางกร่าง|อำเภอเมืองนนทบุรี|จังหวัดนนทบุรี|11000|Thailand|093-6626552|||
8141||บริษัท โอคามิ พหลโยธิน จำกัด|2159/3 ถนนพหลโยธิน||แขวงลาดยาว|เขตจตุจักร|กรุงเทพมหานคร|10900|Thailand|085-8636362|||
8565||บริษัท ไดอิปโป จำกัด|222/10 ถนนสายไหม||แขวงสายไหม|เขตสายไหม|กรุงเทพมหานคร|10220|Thailand|02-1590504|||
8565|1|บริษัท ไดอิปโป จำกัด|MARUICHI  SUSHI|222/10  โครงการตลาด AC ถนนสายไหม|แขวงสายไหม|เขตสายไหม|กรุงเทพมหานคร|10220|Thailand|02-1590504|||
8566||บริษัท เซน-เรียว นิฮอนมูระ จำกัด|85 โครงการนิฮอนมูระมอลล์ ช.G ห. RG01|ซ.อรรคพัฒน์(ทองหล่อ13)ถ.สุขุมวิท55|แขวงคลองตันเหนือ|เขตวัฒนา|กรุงเทพมหานคร|10110|Thailand|02-7129688|||
8566|1|Sen-Ryo Genki SuShi|85 โครงการนิฮอนมูระมอลล์ ช.G ห.RG01|ซ.อรรคพัฒน์(ทองหล่อ13)ถ.สุขุมวิท55|แขวงคลองตันเหนือ|เขตวัฒนา|กรุงเทพมหานคร|10110|Thailand|02-7129688||02-712-9699|
8880||บริษัท มิสตี้ แวลเล่ย์ จำกัด|4/14 ซอยสุขุมวิท ซ.8|ถนนสุขุมวิท|แขวงคลองเตย|เขตคลองเตย|กรุงเทพมหานคร|10110|Thailand|02-6531110|||
8880|1|กรุงเทพ_สุขุมวิท 8|InviteWine&Cocktail Bar 4/14 ซ.สุขุมวิท8||แขวงคลองเตย|เขตคลองเตย|กรุงเทพมหานคร|10110|Thailand|02-6531110|||
8884||บริษัท ฮิดะ กริล จำกัด|2922/62-64 อ.ชาญอิสสระ2 ชั้น1| ถนนเพชรบุรีตัดใหม่|แขวงบางกะปิ|เขตห้วยขวาง|กรุงเทพมหานคร|10320|Thailand|02-7181922|||
8884|1|กรุงเทพฯ_ห้วยขวาง|HITORI OMAKAZE 2922/62-64|อ.ชาญอิสระ2 ชั้น1 ถ.เพชรบุรีตัดใหม่|แขวงบางกะปิ|เขตห้วยขวาง|กรุงเทพมหานคร|10320|Thailand|02-7181922|||
8949||บริษัท ซีเอโล จำกัด|1595/500| ถนนสุขุมวิท|แขวงพระโขนงเหนือ|เขตวัฒนา|กรุงเทพมหานคร|10110|Thailand|02-3489100|||
8949|1|กรุงเทพฯ_สุขุมวิท|Ciclo Sky Bar&Restaurant Bangkok1595/500|อ.W District ชั้น46 ถ.สุขุมวิท ซ.69/1|แขวงพระโขนงเหนือ|เขตวัฒนา|กรุงเทพมหานคร|10110|Thailand|02-3489100||081-9164270|
